"","FollowNumber","Name","Age","Sex","DiversityScore"
"1",6577,"walimah",7,"F",0.903246386193771
"2",4502,"walimah",2,"F",1.50986860356318
"3",4280,"walimah",2,"F",1.83331892620494
"4",3750,"walimah",2,"F",1.70909494695347
"5",3238,"walimah",1,"F",2.20669858462241
"6",3581,"walimah",2,"F",1.6111339951523
"7",3570,"walimah",2,"F",1.59720449530134
"8",3594,"walimah",2,"F",1.92498734363789
"9",4233,"walimah",2,"F",1.28229832934829
"10",3984,"walimah",2,"F",1.83548280900621
"11",3598,"walimah",2,"F",1.87945710134717
"12",6799,"walimah",7,"F",1.1045521998104
"13",3192,"walimah",1,"F",2.3754893412973
"14",3564,"walimah",2,"F",1.7388919949016
"15",3836,"walimah",2,"F",1.9549269019809
"16",3943,"walimah",2,"F",2.03630242338974
"17",3834,"walimah",2,"F",1.76309224922747
"18",3802,"walimah",2,"F",1.82055792448028
"19",3820,"walimah",2,"F",1.66075472124281
"20",4262,"walimah",2,"F",1.95925841532215
"21",3617,"walimah",2,"F",2.05023653537299
"22",4177,"walimah",2,"F",2.25593570595203
"23",3592,"walimah",2,"F",2.04933740621608
"24",4182,"walimah",2,"F",1.74743076320161
"25",5344,"walimah",6,"F",1.50307444662048
"26",3607,"walimah",2,"F",1.91956721917617
"27",3235,"walimah",1,"F",1.65386096392455
"28",3988,"walimah",2,"F",2.26712798097008
"29",4479,"walimah",2,"F",1.97441423759477
"30",3232,"walimah",1,"F",1.57384411436218
"31",3352,"walimah",1,"F",1.68748337652292
"32",3981,"walimah",2,"F",1.85411140461766
"33",3807,"walimah",2,"F",2.05140977438332
"34",3534,"walimah",2,"F",1.51753877982251
"35",3791,"walimah",2,"F",2.00234244974081
"36",3614,"walimah",2,"F",0.815018216394082
"37",3788,"walimah",2,"F",2.2899491766772
"38",6627,"walimah",7,"F",1.70680932847605
"39",6630,"walimah",7,"F",1.56256640691513
"40",7135,"walimah",7,"F",1.31002575814239
"41",3601,"walimah",2,"F",2.17572829912872
"42",3830,"walimah",2,"F",2.06006467688353
"43",3918,"walimah",2,"F",1.45920739066753
"44",3279,"walimah",1,"F",2.15591450294233
"45",3418,"walimah",1,"F",1.66258869466781
"46",3163,"walimah",1,"F",1.8015749716512
"47",3272,"walimah",1,"F",2.08210061852545
"48",4726,"walimah",6,"F",1.5104508651609
"49",3453,"walimah",1,"F",1.81471432129308
"50",3579,"walimah",2,"F",1.7297117567514
"51",7436,"walimah",7,"F",1.4576913363914
"52",3610,"walimah",2,"F",2.21924905161955
"53",4739,"walimah",6,"F",1.46955033267656
"54",4852,"walimah",6,"F",1.96975725405464
"55",3784,"walimah",2,"F",1.86443608348592
"56",3251,"walimah",1,"F",2.17297214141388
"57",3567,"walimah",2,"F",1.8431829927495
"58",3584,"walimah",2,"F",2.40629096349088
"59",3793,"walimah",2,"F",1.9556996234001
"60",3367,"walimah",1,"F",2.46915978299502
"61",4507,"walimah",2,"F",1.71309279956228
"62",3799,"walimah",2,"F",1.93248336807453
"63",6529,"walimah",7,"F",1.7775511420235
"64",3552,"walimah",2,"F",1.59657684751058
"65",6837,"walimah",7,"F",1.5602697715085
"66",3590,"walimah",2,"F",2.36198917044682
"67",6642,"walimah",7,"F",1.66055706509946
"68",4855,"walimah",6,"F",1.97258970661228
"69",4311,"walimah",2,"F",1.85599086347888
"70",5322,"walimah",6,"F",1.60136747954689
"71",3604,"walimah",2,"F",2.06082611598164
"72",3344,"walimah",1,"F",2.05015400147304
"73",6841,"walimah",7,"F",1.59954684511276
"74",3180,"walimah",1,"F",1.8886809132393
"75",3923,"walimah",2,"F",1.65101978886789
"76",7345,"walimah",7,"F",1.16555006071765
"77",3782,"walimah",2,"F",2.40492539675243
"78",4536,"walimah",2,"F",1.59114893738724
"79",3282,"walimah",1,"F",1.45107460623527
"80",3668,"walimah",2,"F",1.73398808453479
"81",6579,"walimah",7,"F",1.58309818625881
"82",7126,"walimah",7,"F",2.21764174374269
"83",7224,"walimah",7,"F",1.61140111715973
"84",6844,"walimah",7,"F",1.43623247176242
"85",3455,"walimah",2,"F",1.8691470995574
"86",6815,"walimah",7,"F",1.63150458919893
"87",7370,"walimah",7,"F",1.63353847379658
"88",3457,"walimah",2,"F",2.53041981413121
"89",4448,"walimah",2,"F",2.10924033600394
"90",6842,"walimah",7,"F",0.948708489664173
"91",3689,"walimah",2,"F",1.74436785828383
"92",3786,"walimah",2,"F",2.09092483607887
"93",4424,"walimah",2,"F",2.29948413819485
"94",7714,"walimah",7,"F",1.67668476007446
"95",4265,"walimah",2,"F",2.00996565816264
"96",4230,"walimah",2,"F",2.19266914593967
"97",3348,"walimah",1,"F",2.37968708740458
"98",3797,"walimah",2,"F",1.39183729721073
"99",6810,"walimah",7,"F",1.6778665621556
"100",6840,"walimah",7,"F",1.13313457595975
"101",3275,"walimah",1,"F",1.69268573183114
"102",3514,"walimah",2,"F",1.71896673887484
"103",7389,"walimah",7,"F",1.45963922737926
"104",3164,"walimah",1,"F",1.78158337826219
"105",3360,"walimah",1,"F",2.50704893053885
"106",3459,"walimah",2,"F",1.58787769495227
"107",3510,"walimah",2,"F",2.03347113713086
"108",3742,"walimah",2,"F",1.84067727754852
"109",4434,"walimah",2,"F",2.06495727235666
"110",3427,"walimah",1,"F",1.84896227157396
"111",3441,"walimah",1,"F",1.91551243700964
"112",6939,"walimah",7,"F",1.75735025588626
"113",7139,"walimah",7,"F",1.09664166734122
"114",3537,"walimah",2,"F",2.31422048196272
"115",4259,"walimah",2,"F",2.03613569998725
"116",7125,"walimah",7,"F",2.23996654195063
"117",3439,"walimah",1,"F",2.2759933647398
"118",3548,"walimah",2,"F",1.71246106357994
"119",3504,"walimah",2,"F",1.91408357893522
"120",6603,"walimah",7,"F",1.45292889607418
"121",5279,"walimah",6,"F",1.55913728602337
"122",4256,"walimah",2,"F",1.41019660932937
"123",3424,"walimah",1,"F",2.53559284366521
"124",3941,"walimah",2,"F",1.76967223620589
"125",6654,"walimah",7,"F",1.37313026929136
"126",7487,"walimah",7,"F",1.66278603422189
"127",3242,"walimah",1,"F",2.25328251345122
"128",3673,"walimah",2,"F",1.769101517523
"129",4299,"walimah",2,"F",2.16088521139854
"130",5333,"walimah",6,"F",1.21388321696445
"131",7140,"walimah",7,"F",1.19085433397463
"132",3255,"walimah",1,"F",1.10500650446864
"133",3555,"walimah",2,"F",1.89407853446531
"134",6553,"walimah",7,"F",1.78494670713063
"135",6941,"walimah",7,"F",1.46431577102907
"136",6523,"walimah",7,"F",1.16655865675227
"137",6559,"walimah",7,"F",1.21491730188671
"138",6641,"walimah",7,"F",1.2931121541025
"139",7196,"walimah",7,"F",1.83245643754567
"140",4493,"walimah",2,"F",1.77340385256294
"141",6927,"walimah",7,"F",1.69826356179845
"142",3422,"walimah",1,"F",1.598537159392
"143",3443,"walimah",1,"F",1.74147532661682
"144",3451,"walimah",1,"F",1.96891581434312
"145",3540,"walimah",2,"F",1.9111673142265
"146",4553,"walimah",2,"F",1.86906134678584
"147",3336,"walimah",1,"F",2.20900739672308
"148",4269,"walimah",2,"F",1.79961654256944
"149",4770,"walimah",6,"F",1.23479698844155
"150",6657,"walimah",7,"F",1.7007285101924
"151",6993,"walimah",7,"F",1.42687680964437
"152",4272,"walimah",2,"F",1.68051962330384
"153",4510,"walimah",2,"F",2.0947284751147
"154",7572,"walimah",7,"F",1.5323126680577
"155",5282,"walimah",6,"F",1.37417069341372
"156",7300,"walimah",7,"F",1.26676212095641
"157",7231,"walimah",7,"F",1.66247789617272
"158",3406,"walimah",1,"F",1.3449828357639
"159",3445,"walimah",1,"F",2.39777976179491
"160",3481,"walimah",2,"F",1.30273749559331
"161",3530,"walimah",2,"F",2.12119821945328
"162",3544,"walimah",2,"F",2.40495304197027
"163",4439,"walimah",2,"F",2.09651531768551
"164",6680,"walimah",7,"F",1.61748241541874
"165",6683,"walimah",7,"F",1.22139089118216
"166",3728,"walimah",2,"F",1.54177248386739
"167",4303,"walimah",2,"F",1.96486768490996
"168",3341,"walimah",1,"F",1.62342514248138
"169",3497,"walimah",2,"F",1.2219668249211
"170",3260,"walimah",1,"F",1.48919610407775
"171",7202,"walimah",7,"F",2.04088897861763
"172",7346,"walimah",7,"F",1.29245914798058
"173",3491,"walimah",2,"F",2.15963544230031
"174",6528,"walimah",7,"F",1.68497427083958
"175",3048,"walimah",1,"F",1.5476138121985
"176",3356,"walimah",1,"F",1.68700390787536
"177",3409,"walimah",1,"F",1.85432149477033
"178",3493,"walimah",2,"F",1.55585314788481
"179",3507,"walimah",2,"F",1.68396230115087
"180",3512,"walimah",2,"F",2.3676477770409
"181",4427,"walimah",2,"F",1.69618234693368
"182",4430,"walimah",2,"F",1.42251997544717
"183",4534,"walimah",2,"F",2.04732783109312
"184",5287,"walimah",6,"F",1.36256655045565
"185",7210,"walimah",7,"F",1.5527126989391
"186",4793,"walimah",6,"F",1.92859690488132
"187",7764,"walimah",7,"F",2.00905920764932
"188",3296,"walimah",1,"F",2.07494286586953
"189",5325,"walimah",6,"F",1.73986269852696
"190",6575,"walimah",7,"F",1.39429594828166
"191",7760,"walimah",7,"F",1.78174606928786
"192",7706,"walimah",7,"F",1.42438387529395
"193",3103,"walimah",1,"F",1.48164453924372
"194",3201,"walimah",1,"F",2.01452161314512
"195",3746,"walimah",2,"F",2.21863049103594
"196",7276,"walimah",7,"F",1.83676031971636
"197",4746,"walimah",6,"F",1.02057806234737
"198",6552,"walimah",7,"F",1.61079291798345
"199",6601,"walimah",7,"F",1.94037845707596
"200",7296,"walimah",7,"F",1.43114500842321
"201",7168,"walimah",7,"F",1.96796550301497
"202",3240,"walimah",1,"F",1.39509032146408
"203",3414,"walimah",1,"F",2.05858945588656
"204",3501,"walimah",2,"F",1.61634969530254
"205",3561,"walimah",2,"F",1.99529329376984
"206",3587,"walimah",2,"F",2.01661189923172
"207",3732,"walimah",2,"F",1.2069255684392
"208",4512,"walimah",2,"F",2.15426628060994
"209",5021,"walimah",6,"F",0.878457320586446
"210",6556,"walimah",7,"F",0.968034077823429
"211",7482,"walimah",7,"F",1.46385470208308
"212",7516,"walimah",7,"F",1.50304000574131
"213",7485,"walimah",7,"F",0.776329747798597
"214",7709,"walimah",7,"F",1.10298010365953
"215",3302,"walimah",1,"F",2.04601716774871
"216",6597,"walimah",7,"F",1.34441265947678
"217",6638,"walimah",7,"F",1.49823069841567
"218",6973,"walimah",7,"F",1.26047988587503
"219",7124,"walimah",7,"F",1.54210534497341
"220",6678,"walimah",7,"F",1.51026689934889
"221",7186,"walimah",7,"F",1.79470072813069
"222",6820,"walimah",7,"F",1.27867498136658
"223",7571,"walimah",7,"F",1.37026329989935
"224",7201,"walimah",7,"F",1.190705234277
"225",3052,"walimah",1,"F",1.72624616601222
"226",3198,"walimah",1,"F",2.20571291824666
"227",3287,"walimah",1,"F",1.84987542032464
"228",3300,"walimah",1,"F",1.66027822430966
"229",3398,"walimah",1,"F",1.63279645804297
"230",3448,"walimah",1,"F",1.68366359949249
"231",3499,"walimah",2,"F",1.28094866465949
"232",3661,"walimah",2,"F",2.08989640365366
"233",3907,"walimah",2,"F",1.4741122499089
"234",4179,"walimah",2,"F",2.24318273585915
"235",4995,"walimah",6,"F",0.682367888755685
"236",6605,"walimah",7,"F",1.5511509021626
"237",7442,"walimah",7,"F",1.28044250150424
"238",6829,"walimah",7,"F",1.61940564890957
"239",3248,"walimah",1,"F",1.92455145067687
"240",3483,"walimah",2,"F",1.58053797925963
"241",7069,"walimah",7,"F",1.92084337891852
"242",3294,"walimah",1,"F",1.70410711742357
"243",3558,"walimah",2,"F",2.23287882051544
"244",5288,"walimah",6,"F",1.15399895631971
"245",5292,"walimah",6,"F",0.68727617209568
"246",6883,"walimah",7,"F",1.35920531383508
"247",6990,"walimah",7,"F",1.44326018468781
"248",3188,"walimah",1,"F",1.54969420294881
"249",7071,"walimah",7,"F",1.34351767578647
"250",4307,"walimah",2,"F",1.49484106539382
"251",6554,"walimah",7,"F",1.50162054036509
"252",6599,"walimah",7,"F",1.02850915711299
"253",6624,"walimah",7,"F",0.874211019369191
"254",6975,"walimah",7,"F",1.49908418718369
"255",7717,"walimah",7,"F",1.91503287985551
"256",7170,"walimah",7,"F",0.843344102358577
"257",3045,"walimah",1,"F",1.81080804461645
"258",3056,"walimah",1,"F",1.28977084844301
"259",3166,"walimah",1,"F",1.7122507386265
"260",3298,"walimah",1,"F",1.04923759494821
"261",3401,"walimah",1,"F",2.23040103034242
"262",3487,"walimah",2,"F",1.74670828185736
"263",3495,"walimah",2,"F",1.67114912627729
"264",5331,"walimah",6,"F",1.68792024556315
"265",6682,"walimah",7,"F",0.40821560707974
"266",6878,"walimah",7,"F",1.43045137302657
"267",7409,"walimah",7,"F",1.16793443189246
"268",7434,"walimah",7,"F",1.0914431890477
"269",4864,"walimah",6,"F",1.47118566911731
"270",7172,"walimah",7,"F",1.90274643460458
"271",6527,"walimah",7,"F",0.978554564247727
"272",4747,"walimah",6,"F",1.04266915136372
"273",7707,"walimah",7,"F",0.782182581289252
"274",6970,"walimah",7,"F",1.44238832833597
"275",2861,"walimah",1,"F",1.19526841708698
"276",2879,"walimah",1,"F",1.73619861417978
"277",3042,"walimah",1,"F",1.33608433259726
"278",3195,"walimah",1,"F",1.39932874742111
"279",3436,"walimah",1,"F",1.72008302618699
"280",3489,"walimah",2,"F",1.66044301885486
"281",3874,"walimah",2,"F",1.88874381836372
"282",3913,"walimah",2,"F",2.00374391964037
"283",4253,"walimah",2,"F",0.979728199914684
"284",4267,"walimah",2,"F",1.01753802495658
"285",4276,"walimah",2,"F",0.553741559377056
"286",4284,"walimah",2,"F",1.06840930725484
"287",4288,"walimah",2,"F",0.685235350331586
"288",4292,"walimah",2,"F",1.22397725076637
"289",4295,"walimah",2,"F",1.87166600829351
"290",4370,"walimah",2,"F",1.331488875968
"291",4485,"walimah",2,"F",0.591702848058963
"292",4495,"walimah",2,"F",1.9945318080617
"293",4497,"walimah",2,"F",2.075246104345
"294",4499,"walimah",2,"F",1.05821671562841
"295",4505,"walimah",2,"F",1.91888315310161
"296",4532,"walimah",2,"F",0.99045816455815
"297",4538,"walimah",2,"F",1.73185971589447
"298",4541,"walimah",2,"F",0.54195142660084
"299",4545,"walimah",2,"F",1.5515813577706
"300",4549,"walimah",2,"F",0.359023810488627
"301",4773,"walimah",6,"F",1.16907542690908
"302",4777,"walimah",6,"F",0.991696367340688
"303",4831,"walimah",6,"F",0.814109764689099
"304",4841,"walimah",6,"F",0.827813991814535
"305",5328,"walimah",6,"F",1.2837828634775
"306",5347,"walimah",6,"F",0.529376428439955
"307",6555,"walimah",7,"F",0.97884614820565
"308",6560,"walimah",7,"F",1.49819996323283
"309",6561,"walimah",7,"F",1.77330857986787
"310",6573,"walimah",7,"F",0.598350408198696
"311",6578,"walimah",7,"F",0.607938068642834
"312",6604,"walimah",7,"F",0.499080803521595
"313",6626,"walimah",7,"F",0.866646114436811
"314",6637,"walimah",7,"F",0.492603657539584
"315",6639,"walimah",7,"F",1.13628863403928
"316",6653,"walimah",7,"F",1.07126567312122
"317",6655,"walimah",7,"F",1.34135768409004
"318",6656,"walimah",7,"F",0.859511382170058
"319",6797,"walimah",7,"F",0.905239123902522
"320",6851,"walimah",7,"F",0.446568833290589
"321",6880,"walimah",7,"F",1.66267416137023
"322",6881,"walimah",7,"F",1.54606810214561
"323",6885,"walimah",7,"F",0.994448518604572
"324",6919,"walimah",7,"F",1.29804085538768
"325",6929,"walimah",7,"F",0.966261208927724
"326",6969,"walimah",7,"F",0.762220413248721
"327",6976,"walimah",7,"F",1.56650816880318
"328",7022,"walimah",7,"F",0.932677790272258
"329",7065,"walimah",7,"F",1.04983795649933
"330",7066,"walimah",7,"F",1.51915892226224
"331",7067,"walimah",7,"F",1.17265639833114
"332",7068,"walimah",7,"F",0.913568255172322
"333",7073,"walimah",7,"F",1.60603955030956
"334",7076,"walimah",7,"F",1.44110667329162
"335",7166,"walimah",7,"F",0.340437060359829
"336",7183,"walimah",7,"F",0.983052347112026
"337",7198,"walimah",7,"F",1.55226373878643
"338",7200,"walimah",7,"F",1.57744680242404
"339",7212,"walimah",7,"F",1.3963685673879
"340",7221,"walimah",7,"F",1.12642008524643
"341",7233,"walimah",7,"F",0.672804689394068
"342",7268,"walimah",7,"F",1.05622358955318
"343",7269,"walimah",7,"F",1.14148128143134
"344",7275,"walimah",7,"F",1.26945137735501
"345",7298,"walimah",7,"F",1.30579257553463
"346",7339,"walimah",7,"F",2.04175204282282
"347",7342,"walimah",7,"F",1.33700521473101
"348",7348,"walimah",7,"F",0.156946388230847
"349",7350,"walimah",7,"F",1.2588911667641
"350",7416,"walimah",7,"F",1.19689825752321
"351",7418,"walimah",7,"F",1.9000481693628
"352",7478,"walimah",7,"F",1.41141904785832
"353",7515,"walimah",7,"F",0.912255168524127
"354",7644,"walimah",7,"F",1.1594798299801
"355",7768,"walimah",7,"F",0.762775290347615
"356",7780,"walimah",7,"F",1.41854606759194
"357",2663,"misha",5,"F",1.0302273508955
"358",655,"misha",3,"F",1.34525948727694
"359",2560,"misha",5,"F",1.11691420470876
"360",4064,"misha",6,"F",1.53651489940117
"361",2459,"misha",5,"F",1.58126870258874
"362",2555,"misha",5,"F",1.72901974755747
"363",3393,"misha",5,"F",1.51627175818195
"364",2553,"misha",5,"F",1.41227611012433
"365",2549,"misha",5,"F",1.59096464291154
"366",2464,"misha",5,"F",1.61990700381195
"367",2258,"misha",4,"F",1.77351154746024
"368",3825,"misha",6,"F",1.26743708671715
"369",2391,"misha",4,"F",1.25755293260441
"370",3264,"misha",5,"F",1.31711291898137
"371",2286,"misha",4,"F",1.64297408131204
"372",4063,"misha",6,"F",1.39922649902392
"373",3204,"misha",5,"F",1.88959399207433
"374",2689,"misha",5,"F",1.79799697654779
"375",2397,"misha",5,"F",1.53537096676322
"376",2541,"misha",5,"F",1.13652956540129
"377",3818,"misha",6,"F",1.57564052628787
"378",3863,"misha",6,"F",1.37713039428053
"379",2661,"misha",5,"F",2.02587808197996
"380",2745,"misha",5,"F",1.38398451429525
"381",3148,"misha",5,"F",1.79346422702342
"382",3847,"misha",6,"F",1.97563309028633
"383",3206,"misha",5,"F",1.66185295068863
"384",3696,"misha",6,"F",1.54100507759653
"385",2547,"misha",5,"F",1.75584373669524
"386",1924,"misha",4,"F",1.75686213536205
"387",2399,"misha",5,"F",1.73965817795753
"388",1428,"misha",4,"F",1.70606637939844
"389",1899,"misha",4,"F",1.52750891466801
"390",3030,"misha",5,"F",1.70441251870128
"391",2545,"misha",5,"F",1.5382415163899
"392",1441,"misha",4,"F",1.89926390068094
"393",3538,"misha",6,"F",1.46439667288821
"394",2507,"misha",5,"F",1.93138827536926
"395",760,"misha",3,"F",1.67011588735808
"396",3628,"misha",6,"F",1.96940176123956
"397",2224,"misha",4,"F",1.82005511438592
"398",2465,"misha",5,"F",1.71515117725149
"399",2551,"misha",5,"F",2.07139288455906
"400",2993,"misha",5,"F",2.11258050693593
"401",3611,"misha",6,"F",1.80411310345844
"402",2712,"misha",5,"F",1.42956166028261
"403",1474,"misha",4,"F",1.50893979211352
"404",1947,"misha",4,"F",1.01191253357026
"405",2633,"misha",5,"F",1.42792414000989
"406",3690,"misha",6,"F",1.39940466061272
"407",615,"misha",3,"F",1.56525043436074
"408",2724,"misha",5,"F",2.10404041284978
"409",1538,"misha",4,"F",1.9431117385763
"410",2562,"misha",5,"F",1.84531656932306
"411",2543,"misha",5,"F",1.79794990305343
"412",3565,"misha",6,"F",1.9441056874069
"413",3853,"misha",6,"F",1.69185828438301
"414",1066,"misha",4,"F",2.3727998507825
"415",3549,"misha",6,"F",1.95930518872848
"416",2514,"misha",5,"F",1.73142615691727
"417",3754,"misha",6,"F",1.66743184120213
"418",578,"misha",3,"F",1.73367496619721
"419",738,"misha",3,"F",1.92287794960318
"420",3814,"misha",6,"F",1.61560499832776
"421",857,"misha",3,"F",2.37358837654927
"422",876,"misha",3,"F",1.99910627216479
"423",3669,"misha",6,"F",1.28232501968244
"424",894,"misha",3,"F",2.45286572406738
"425",2537,"misha",5,"F",2.05592608125373
"426",671,"misha",3,"F",1.6831449278888
"427",3545,"misha",6,"F",1.72073846083744
"428",874,"misha",3,"F",2.09310581824918
"429",3310,"misha",5,"F",1.82701953965817
"430",3199,"misha",5,"F",2.06080043719323
"431",3324,"misha",5,"F",1.76107294532867
"432",3751,"misha",6,"F",2.01279591208273
"433",872,"misha",3,"F",2.11041949472919
"434",2700,"misha",5,"F",1.71836741806475
"435",1478,"misha",4,"F",1.79059820842306
"436",1840,"misha",4,"F",2.15259995182806
"437",1769,"misha",4,"F",2.22272971879593
"438",3399,"misha",5,"F",1.78429958262371
"439",617,"misha",3,"F",1.94613061097785
"440",2719,"misha",5,"F",1.8379560349356
"441",2747,"misha",5,"F",1.76148294792761
"442",2599,"misha",5,"F",1.55713264227487
"443",3252,"misha",5,"F",1.63521789762064
"444",1508,"misha",4,"F",1.74612922268563
"445",1886,"misha",4,"F",2.2321053171087
"446",2482,"misha",5,"F",1.62785623879408
"447",2756,"misha",5,"F",1.9737907510135
"448",4323,"misha",6,"F",1.16590632201194
"449",1135,"misha",4,"F",1.80009018679109
"450",1482,"misha",4,"F",1.8441928919139
"451",2024,"misha",4,"F",1.94299516594087
"452",4002,"misha",6,"F",1.50607086387252
"453",4085,"misha",6,"F",1.15436286108109
"454",3181,"misha",5,"F",1.92948727453769
"455",2877,"misha",5,"F",1.85109813831622
"456",1468,"misha",4,"F",2.04832938238673
"457",1809,"misha",4,"F",1.70471058612944
"458",2695,"misha",5,"F",1.16060415224849
"459",1100,"misha",4,"F",2.10957515635833
"460",2266,"misha",4,"F",1.71760271869049
"461",2992,"misha",5,"F",2.28285275817929
"462",3608,"misha",6,"F",1.8682193134211
"463",4325,"misha",6,"F",1.88790468689303
"464",2814,"misha",5,"F",1.81851440618563
"465",859,"misha",3,"F",1.97579202680049
"466",2784,"misha",5,"F",1.71357474593662
"467",675,"misha",3,"F",1.48786533494368
"468",2393,"misha",4,"F",1.93882507009384
"469",2811,"misha",5,"F",2.01509617990648
"470",610,"misha",3,"F",1.94139839103848
"471",3862,"misha",6,"F",2.12618953072746
"472",659,"misha",3,"F",1.76692305868441
"473",900,"misha",3,"F",2.42346877630189
"474",1446,"misha",4,"F",2.11805112934381
"475",1890,"misha",4,"F",1.9754497054191
"476",1470,"misha",4,"F",1.55057512782686
"477",3026,"misha",5,"F",1.51304805873577
"478",3716,"misha",6,"F",1.36727587939897
"479",2862,"misha",5,"F",1.13678457953013
"480",3816,"misha",6,"F",1.56825393226931
"481",2730,"misha",5,"F",1.82764094069802
"482",2640,"misha",5,"F",1.70173547117692
"483",3261,"misha",5,"F",1.78106021087669
"484",862,"misha",3,"F",2.43309660556462
"485",1434,"misha",4,"F",1.77672098984103
"486",2491,"misha",5,"F",1.66693944983579
"487",2676,"misha",5,"F",1.99120354035079
"488",2559,"misha",5,"F",2.137741050348
"489",2799,"misha",5,"F",2.17932279394578
"490",4216,"misha",6,"F",1.81365008121257
"491",3858,"misha",6,"F",1.56387945340164
"492",865,"misha",3,"F",1.74360992726324
"493",2239,"misha",4,"F",1.87079041441766
"494",2461,"misha",5,"F",1.74798712459092
"495",2501,"misha",5,"F",1.55785461699652
"496",1464,"misha",4,"F",2.14050990201087
"497",2453,"misha",5,"F",2.12538340608704
"498",1424,"misha",4,"F",1.83774677728449
"499",3585,"misha",6,"F",1.79925937862146
"500",854,"misha",3,"F",2.02767651921097
"501",3703,"misha",6,"F",1.76374232288778
"502",881,"misha",3,"F",2.489342412851
"503",1436,"misha",4,"F",1.7355964935038
"504",3868,"misha",6,"F",1.69081070400666
"505",2692,"misha",5,"F",2.02930493605428
"506",782,"misha",3,"F",2.29439390280652
"507",2369,"misha",4,"F",1.57330314441616
"508",2449,"misha",5,"F",1.53015415127538
"509",2457,"misha",5,"F",1.42788228627509
"510",2505,"misha",5,"F",1.74776082251692
"511",2533,"misha",5,"F",2.16533806722965
"512",3747,"misha",6,"F",1.57002974546932
"513",2779,"misha",5,"F",1.99168887635731
"514",3845,"misha",6,"F",1.46440563232073
"515",1155,"misha",4,"F",1.9114503419841
"516",2527,"misha",5,"F",1.92480946540142
"517",886,"misha",3,"F",2.06524083060812
"518",2734,"misha",5,"F",1.77232499745025
"519",1407,"misha",4,"F",1.84985492428502
"520",3249,"misha",5,"F",2.13644510877314
"521",2782,"misha",5,"F",2.12868307633011
"522",3723,"misha",6,"F",1.84269294177515
"523",837,"misha",3,"F",1.39488890603928
"524",2161,"misha",4,"F",1.21624645814204
"525",3212,"misha",5,"F",1.65286238628017
"526",2168,"misha",4,"F",2.12607338335141
"527",2709,"misha",5,"F",2.19927455408057
"528",3562,"misha",6,"F",1.65783820992588
"529",2781,"misha",5,"F",1.24927805381751
"530",3039,"misha",5,"F",1.97933067342999
"531",2181,"misha",4,"F",2.13708681057365
"532",3312,"misha",5,"F",2.11033194204902
"533",1823,"misha",4,"F",1.68690746016347
"534",1828,"misha",4,"F",2.45648659815542
"535",2647,"misha",5,"F",1.80740638493095
"536",2103,"misha",4,"F",1.95544896772092
"537",2630,"misha",5,"F",1.27918929837884
"538",3831,"misha",6,"F",1.37281054182113
"539",4257,"misha",6,"F",1.49551477533057
"540",1860,"misha",4,"F",1.57471035044747
"541",869,"misha",3,"F",2.67121325330963
"542",1847,"misha",4,"F",1.84544542318397
"543",1141,"misha",4,"F",2.20275439535775
"544",2797,"misha",5,"F",1.75686393978117
"545",2855,"misha",5,"F",2.1943949983284
"546",3621,"misha",6,"F",1.81634798822867
"547",1421,"misha",4,"F",1.75810421837784
"548",1801,"misha",4,"F",2.0592226400777
"549",1871,"misha",4,"F",2.10620180701919
"550",1958,"misha",4,"F",1.93812920735945
"551",3526,"misha",6,"F",1.7706957599968
"552",2244,"misha",4,"F",1.75980762569749
"553",2437,"misha",5,"F",2.04255531432322
"554",1400,"misha",4,"F",1.64255130619969
"555",1484,"misha",4,"F",2.62510084615098
"556",2183,"misha",4,"F",1.74989577216588
"557",2989,"misha",5,"F",1.544471426435
"558",3280,"misha",5,"F",2.34930549836621
"559",3736,"misha",6,"F",1.85257439490951
"560",1415,"misha",4,"F",2.26731662326778
"561",1459,"misha",4,"F",1.65055440825336
"562",2509,"misha",5,"F",2.00497136482959
"563",3469,"misha",5,"F",1.83110051742277
"564",2609,"misha",5,"F",1.31899506881569
"565",3651,"misha",6,"F",1.50651052075222
"566",3321,"misha",5,"F",2.24605053051135
"567",3146,"misha",5,"F",2.67516667576308
"568",3674,"misha",6,"F",1.73201605700608
"569",1480,"misha",4,"F",1.80251898466535
"570",1942,"misha",4,"F",1.88327016025726
"571",2028,"misha",4,"F",1.80792590165194
"572",4330,"misha",6,"F",1.16629525100571
"573",1905,"misha",4,"F",2.62909035975181
"574",3860,"misha",6,"F",2.10640957445763
"575",2032,"misha",4,"F",1.95801587964777
"576",2169,"misha",4,"F",1.99431765640928
"577",2565,"misha",5,"F",2.09888151407555
"578",1815,"misha",4,"F",1.61757148283702
"579",3535,"misha",6,"F",1.62381811069796
"580",2163,"misha",4,"F",1.86089582284236
"581",892,"misha",3,"F",2.36119567217315
"582",1053,"misha",4,"F",1.17401995954408
"583",2173,"misha",4,"F",1.63795554195812
"584",2849,"misha",5,"F",1.95009075990876
"585",1821,"misha",4,"F",1.89389484037879
"586",1462,"misha",4,"F",1.94913263175928
"587",1952,"misha",4,"F",1.75880129464145
"588",2402,"misha",5,"F",2.08547186969519
"589",3588,"misha",6,"F",1.5450610131708
"590",909,"misha",3,"F",2.25412538301992
"591",1060,"misha",4,"F",2.44663155359032
"592",1105,"misha",4,"F",2.00172924892587
"593",2004,"misha",4,"F",2.0859090330154
"594",3149,"misha",5,"F",1.94454248165523
"595",1419,"misha",4,"F",1.68709105466705
"596",1806,"misha",4,"F",1.98940583667969
"597",1909,"misha",4,"F",2.13055121923657
"598",2765,"misha",5,"F",1.70932713588019
"599",625,"misha",3,"F",1.75369370033444
"600",1855,"misha",4,"F",1.93400939821085
"601",2615,"misha",5,"F",1.58806193728617
"602",2666,"misha",5,"F",1.86642798108425
"603",2820,"misha",5,"F",1.66010403358762
"604",801,"misha",3,"F",2.46582186467577
"605",3396,"misha",5,"F",2.08692722597141
"606",1033,"misha",4,"F",2.29982414097602
"607",1851,"misha",4,"F",1.7387857901617
"608",1919,"misha",4,"F",2.06935851471872
"609",2229,"misha",4,"F",2.13122397341146
"610",2829,"misha",5,"F",1.66303912976636
"611",2466,"misha",5,"F",2.0064221610839
"612",648,"misha",3,"F",2.32106732158873
"613",2175,"misha",4,"F",1.70871351850128
"614",2156,"misha",4,"F",1.03408583659433
"615",2171,"misha",4,"F",1.90380552047587
"616",2249,"misha",4,"F",2.07505074721842
"617",651,"misha",3,"F",2.46627711942895
"618",851,"misha",3,"F",1.6937955179794
"619",2036,"misha",4,"F",2.11324959683794
"620",2279,"misha",4,"F",1.79462038433941
"621",2503,"misha",5,"F",0.84153344245358
"622",1050,"misha",4,"F",2.03141486101409
"623",1454,"misha",4,"F",2.08797199546647
"624",1518,"misha",4,"F",1.15991235298441
"625",1546,"misha",4,"F",2.25223595673692
"626",1438,"misha",4,"F",1.76973856782793
"627",2788,"misha",5,"F",1.6427970822026
"628",3208,"misha",5,"F",2.32770819642439
"629",984,"misha",4,"F",2.65723668381908
"630",1113,"misha",4,"F",1.70460489737735
"631",1158,"misha",4,"F",2.15833951351008
"632",2439,"misha",5,"F",1.11996128290331
"633",2727,"misha",5,"F",2.35749416061047
"634",1165,"misha",4,"F",1.61147049335462
"635",1162,"misha",4,"F",2.10360313802708
"636",3342,"misha",5,"F",1.99828436691179
"637",888,"misha",3,"F",2.02970730622954
"638",2529,"misha",5,"F",1.43241180979765
"639",2739,"misha",5,"F",1.90116284996152
"640",3210,"misha",5,"F",1.93722844970327
"641",1646,"misha",4,"F",2.32861820080454
"642",906,"misha",3,"F",2.34917450381922
"643",1466,"misha",4,"F",1.50546683998499
"644",1123,"misha",4,"F",2.33143224943848
"645",642,"misha",3,"F",1.92682112742041
"646",758,"misha",3,"F",1.7838091541884
"647",1831,"misha",4,"F",1.64566439203634
"648",2262,"misha",4,"F",1.65086514365418
"649",3559,"misha",6,"F",1.7719339014977
"650",1795,"misha",4,"F",2.56021785386313
"651",663,"misha",3,"F",2.01964492739295
"652",897,"misha",3,"F",2.33221432155672
"653",1913,"misha",4,"F",1.64854717472583
"654",645,"misha",3,"F",1.53302937240529
"655",1160,"misha",4,"F",2.31907764710028
"656",2801,"misha",5,"F",2.10587030122807
"657",3150,"misha",5,"F",1.27291070270413
"658",2254,"misha",4,"F",1.9817058044148
"659",2770,"misha",5,"F",1.5296823267438
"660",1981,"misha",4,"F",1.24000247290923
"661",2395,"misha",4,"F",1.88688498802345
"662",2531,"misha",5,"F",1.44647434707845
"663",2188,"misha",4,"F",2.25669956397026
"664",4400,"misha",6,"F",1.03065089112524
"665",991,"misha",4,"F",1.61386787584922
"666",1551,"misha",4,"F",2.02800168888881
"667",2283,"misha",4,"F",1.85448728435962
"668",3712,"misha",6,"F",1.71334144498476
"669",3402,"misha",5,"F",1.89594010920643
"670",1003,"misha",4,"F",2.37376356373146
"671",1063,"misha",4,"F",1.76664705438607
"672",1261,"misha",4,"F",1.85210548433331
"673",1786,"misha",4,"F",1.65653728923879
"674",1792,"misha",4,"F",1.64294379710546
"675",3615,"misha",6,"F",1.86349719376597
"676",677,"misha",3,"F",1.3539808256042
"677",612,"misha",3,"F",1.34223092653331
"678",1041,"misha",4,"F",1.91989978280834
"679",1273,"misha",4,"F",1.6455010946834
"680",1411,"misha",4,"F",1.57532396884957
"681",2162,"misha",4,"F",1.71569399645662
"682",2166,"misha",4,"F",1.8653183454159
"683",2523,"misha",5,"F",1.60359486528183
"684",2624,"misha",5,"F",1.40701082899829
"685",2685,"misha",5,"F",0.854340610891319
"686",2874,"misha",5,"F",1.88067237894682
"687",2880,"misha",5,"F",1.76883340073055
"688",1432,"misha",4,"F",1.42843181336279
"689",1986,"misha",4,"F",1.95686915281851
"690",2170,"misha",4,"F",1.90367960268662
"691",2191,"misha",4,"F",2.0938444706759
"692",912,"misha",3,"F",1.96222284980029
"693",1144,"misha",4,"F",1.50122273779502
"694",1966,"misha",4,"F",2.27577245314245
"695",2869,"misha",5,"F",1.71780016880255
"696",3733,"misha",6,"F",1.53709614349533
"697",1056,"misha",4,"F",2.57468555068921
"698",1843,"misha",4,"F",2.43307364945701
"699",2234,"misha",4,"F",1.4550992277061
"700",2535,"misha",5,"F",1.32627188862996
"701",2865,"misha",5,"F",1.85719877565737
"702",661,"misha",3,"F",1.36411459970325
"703",2194,"misha",4,"F",1.63205912657739
"704",1881,"misha",4,"F",1.92069210087319
"705",534,"misha",3,"F",2.1147995924241
"706",622,"misha",3,"F",2.24607706753291
"707",1148,"misha",4,"F",2.11761425230016
"708",1825,"misha",4,"F",1.46997463114558
"709",1971,"misha",4,"F",1.2463764590091
"710",3023,"misha",5,"F",1.12804438453342
"711",3196,"misha",5,"F",2.27140390630823
"712",1001,"misha",4,"F",1.65463082716211
"713",1877,"misha",4,"F",1.86304075127424
"714",2275,"misha",4,"F",1.40490413748961
"715",628,"misha",3,"F",1.7251762412237
"716",1894,"misha",4,"F",0.808656181288448
"717",2805,"misha",5,"F",1.50957494197774
"718",890,"misha",3,"F",3.18617332401109
"719",1781,"misha",4,"F",1.61015991142153
"720",2389,"misha",4,"F",1.99316409438702
"721",2991,"misha",5,"F",1.37671817435155
"722",2858,"misha",5,"F",1.71896050442392
"723",1766,"misha",4,"F",1.70146026872838
"724",518,"misha",3,"F",0.734629205914826
"725",608,"misha",3,"F",2.01082178330797
"726",847,"misha",3,"F",1.37510336744127
"727",996,"misha",4,"F",1.73917326358813
"728",999,"misha",4,"F",2.29816206538972
"729",1109,"misha",4,"F",2.06494596658566
"730",1275,"misha",4,"F",1.17150020766883
"731",1789,"misha",4,"F",2.22448211431637
"732",1812,"misha",4,"F",1.31336027534932
"733",1819,"misha",4,"F",1.39767989478672
"734",1866,"misha",4,"F",1.53801923615952
"735",2159,"misha",4,"F",1.83397066149917
"736",2167,"misha",4,"F",1.08385435316395
"737",3214,"misha",5,"F",1.66930288816178
"738",4219,"misha",6,"F",1.24106741622169
"739",4223,"misha",6,"F",1.6419552055821
"740",4225,"misha",6,"F",1.76002661625144
"741",1018,"misha",4,"F",2.00156709254683
"742",1031,"misha",4,"F",1.50717070446894
"743",1014,"misha",4,"F",1.00813596136292
"744",1025,"misha",4,"F",1.80769479822044
"745",1037,"misha",4,"F",2.34372118991291
"746",1044,"misha",4,"F",1.94419138287193
"747",2165,"misha",4,"F",1.69692296757214
"748",2498,"misha",5,"F",1.43615357449392
"749",2539,"misha",5,"F",1.61313756768483
"750",4143,"misha",6,"F",1.41275899636657
"751",619,"misha",3,"F",2.13229511590632
"752",665,"misha",3,"F",1.29170011830957
"753",673,"misha",3,"F",1.46405505891288
"754",679,"misha",3,"F",1.69547816692162
"755",756,"misha",3,"F",1.19960417051532
"756",819,"misha",3,"F",1.13352921246496
"757",903,"misha",3,"F",1.98311209507369
"758",988,"misha",4,"F",1.32739156083646
"759",993,"misha",4,"F",1.27511893315448
"760",1005,"misha",4,"F",1.69648740506548
"761",1028,"misha",4,"F",1.96051055794703
"762",1138,"misha",4,"F",1.61849692578193
"763",1151,"misha",4,"F",1.34686255010619
"764",1259,"misha",4,"F",2.14755680251231
"765",1449,"misha",4,"F",1.90215285746622
"766",1488,"misha",4,"F",1.65810388658097
"767",1762,"misha",4,"F",1.23592838484246
"768",1834,"misha",4,"F",1.49950836081846
"769",1927,"misha",4,"F",1.16977414676217
"770",1962,"misha",4,"F",1.81854801786651
"771",1976,"misha",4,"F",1.52989147120771
"772",2009,"misha",4,"F",1.99739855034366
"773",2040,"misha",4,"F",1.86081631260016
"774",2044,"misha",4,"F",1.53876042306554
"775",2270,"misha",4,"F",1.27206293392017
"776",2290,"misha",4,"F",1.19851563505979
"777",2295,"misha",4,"F",0.538267453228341
"778",2656,"misha",5,"F",1.12197064575049
"779",2852,"misha",5,"F",1.62770205921041
"780",3202,"misha",5,"F",1.14168355005775
"781",3709,"misha",6,"F",1.86267149432065
"782",3743,"misha",6,"F",1.08490367723169
"783",3812,"misha",6,"F",2.19636852130213
"784",4153,"misha",6,"F",1.04898706096605
"785",4165,"misha",6,"F",1.05584971735847
"786",4213,"misha",6,"F",0.790127201664802
"787",4218,"misha",6,"F",1.0649008212905
"788",4234,"misha",6,"F",0.479714666149184
"789",4318,"misha",6,"F",0.347008927961677
"790",4327,"misha",6,"F",0.512723096745552
"791",4401,"misha",6,"F",1.12191686374585
"792",4405,"misha",6,"F",0.761501377705671
"793",1326,"roman",7,"M",1.19119753916826
"794",3390,"roman",7,"M",1.32216738616647
"795",3520,"roman",7,"M",1.65841015917274
"796",852,"roman",7,"M",1.49226124247672
"797",3368,"roman",7,"M",1.65448067659962
"798",848,"roman",7,"M",1.49381714562687
"799",3805,"roman",7,"M",1.19469640005978
"800",3383,"roman",7,"M",1.31933152195837
"801",2430,"roman",7,"M",1.76317720241066
"802",3322,"roman",7,"M",1.77988059101772
"803",3207,"roman",7,"M",1.56380006777882
"804",3168,"roman",7,"M",1.68693871961016
"805",1557,"roman",7,"M",1.59320835042643
"806",2013,"roman",7,"M",2.44766159126372
"807",1393,"roman",7,"M",1.89287730268393
"808",3425,"roman",7,"M",1.57758360958459
"809",3156,"roman",7,"M",2.07519181849155
"810",3394,"roman",7,"M",2.16481645626011
"811",1953,"roman",7,"M",2.18197154311423
"812",3389,"roman",7,"M",1.88270092596136
"813",397,"roman",7,"M",1.31833747333943
"814",2610,"roman",7,"M",1.4195157596723
"815",3972,"roman",7,"M",1.85193550780581
"816",3952,"roman",7,"M",1.7611620013446
"817",237,"roman",7,"M",0.992526162360228
"818",4183,"roman",7,"M",1.93618463356096
"819",2616,"roman",7,"M",1.76949236127355
"820",807,"roman",7,"M",2.04949482567037
"821",1389,"roman",7,"M",1.9868892279851
"822",1959,"roman",7,"M",2.51667450715689
"823",2983,"roman",7,"M",1.93038758081107
"824",2600,"roman",7,"M",1.21138108602283
"825",3104,"roman",7,"M",1.66239814759193
"826",695,"roman",7,"M",1.20121955926184
"827",3653,"roman",7,"M",2.29495041872069
"828",1329,"roman",7,"M",1.35366186210132
"829",1332,"roman",7,"M",2.09890170665647
"830",1666,"roman",7,"M",1.89201738654376
"831",838,"roman",7,"M",2.17882470243836
"832",540,"roman",7,"M",2.23024544964599
"833",3173,"roman",7,"M",1.64251382766384
"834",1401,"roman",7,"M",1.99318646282476
"835",1925,"roman",7,"M",1.33289443262383
"836",2605,"roman",7,"M",2.23813092426757
"837",3011,"roman",7,"M",2.26900918220974
"838",1660,"roman",7,"M",1.56959925948488
"839",448,"roman",7,"M",2.39410957748059
"840",3386,"roman",7,"M",2.08582949272341
"841",939,"roman",7,"M",1.61298839680919
"842",3147,"roman",7,"M",2.059890643637
"843",234,"roman",7,"M",1.35265767094894
"844",527,"roman",7,"M",1.98280211318907
"845",3375,"roman",7,"M",1.64112500655332
"846",1668,"roman",7,"M",2.20457157812651
"847",1656,"roman",7,"M",1.49335183835258
"848",3313,"roman",7,"M",1.21365429631555
"849",1128,"roman",7,"M",1.92313945918955
"850",3429,"roman",7,"M",1.92037118395185
"851",946,"roman",7,"M",1.99454731379055
"852",1101,"roman",7,"M",1.86390750220624
"853",1588,"roman",7,"M",1.81854873776154
"854",978,"roman",7,"M",2.28957786518879
"855",3138,"roman",7,"M",2.2934919009557
"856",714,"roman",7,"M",1.46838899319283
"857",1397,"roman",7,"M",1.85888619713932
"858",1967,"roman",7,"M",2.14892107660105
"859",2021,"roman",7,"M",2.07141607178224
"860",3311,"roman",7,"M",1.87698294244771
"861",486,"roman",7,"M",1.63473680197241
"862",2081,"roman",7,"M",1.46366852689435
"863",3596,"roman",7,"M",1.6411001708547
"864",307,"roman",7,"M",2.21354029930246
"865",409,"roman",7,"M",1.03149054379793
"866",689,"roman",7,"M",1.51706703874895
"867",2052,"roman",7,"M",1.86919796325547
"868",3432,"roman",7,"M",1.72187027697195
"869",3142,"roman",7,"M",2.26568737621698
"870",3303,"roman",7,"M",0.791415254306448
"871",3433,"roman",7,"M",2.02289546642644
"872",1963,"roman",7,"M",2.44413627097388
"873",2568,"roman",7,"M",0.657482439767026
"874",197,"roman",7,"M",1.3557856350149
"875",1920,"roman",7,"M",1.89073757606226
"876",2033,"roman",7,"M",1.69347415856726
"877",3620,"roman",7,"M",2.16738230732217
"878",3734,"roman",7,"M",1.13608800522796
"879",3190,"roman",7,"M",0.884157823332165
"880",2005,"roman",7,"M",2.05144346575897
"881",1937,"roman",7,"M",2.3575899909689
"882",4166,"roman",7,"M",2.02139564995661
"883",521,"roman",7,"M",1.94974789497042
"884",1931,"roman",7,"M",1.92947647459676
"885",2580,"roman",7,"M",1.4287927103414
"886",3318,"roman",7,"M",1.88055404911707
"887",2059,"roman",7,"M",1.93340516343934
"888",1597,"roman",7,"M",1.60907176100529
"889",2010,"roman",7,"M",2.52632071727229
"890",3176,"roman",7,"M",1.96198098213115
"891",496,"roman",7,"M",0.942214520298228
"892",2014,"roman",7,"M",2.73210484381164
"893",2058,"roman",7,"M",1.4730365865946
"894",2291,"roman",7,"M",1.4355399628183
"895",2296,"roman",7,"M",2.33694849044378
"896",3182,"roman",7,"M",1.42356492067975
"897",485,"roman",7,"M",1.57970015251278
"898",2725,"roman",7,"M",1.80189433120807
"899",3428,"roman",7,"M",1.90243529178823
"900",2960,"roman",7,"M",2.30656865563287
"901",443,"roman",7,"M",1.65403201151712
"902",1093,"roman",7,"M",1.52060553298379
"903",2595,"roman",7,"M",2.16542235063886
"904",3079,"roman",7,"M",2.20609460468199
"905",4161,"roman",7,"M",1.57010139069996
"906",3646,"roman",7,"M",2.05329492430787
"907",487,"roman",7,"M",1.62635281486281
"908",1658,"roman",7,"M",1.92659390603158
"909",2815,"roman",7,"M",2.08127234215567
"910",2054,"roman",7,"M",2.0369466654591
"911",2958,"roman",7,"M",2.04194198516898
"912",195,"roman",7,"M",1.21500913971939
"913",715,"roman",7,"M",1.74987833111065
"914",1928,"roman",7,"M",1.41523849372873
"915",2157,"roman",7,"M",1.6824033191743
"916",2306,"roman",7,"M",1.78565430702389
"917",3224,"roman",7,"M",1.18379360738847
"918",3305,"roman",7,"M",1.55785112697611
"919",3758,"roman",7,"M",1.29236771385495
"920",3174,"roman",7,"M",1.86079365016415
"921",3178,"roman",7,"M",2.09783274271087
"922",3209,"roman",7,"M",1.20302587828461
"923",3522,"roman",7,"M",1.76171975880304
"924",3803,"roman",7,"M",2.03368836400421
"925",961,"roman",7,"M",1.96613592750271
"926",224,"roman",7,"M",1.33658223003193
"927",399,"roman",7,"M",0.834991711743401
"928",687,"roman",7,"M",1.63346158756014
"929",1006,"roman",7,"M",1.73863237890494
"930",2015,"roman",7,"M",2.59405022154107
"931",3502,"roman",7,"M",1.27174418369334
"932",976,"roman",7,"M",2.30543453312569
"933",802,"roman",7,"M",0.584763327387975
"934",1593,"roman",7,"M",1.43885297734315
"935",3205,"roman",7,"M",1.51763267640788
"936",3211,"roman",7,"M",2.08869803999427
"937",3222,"roman",7,"M",0.887819372544774
"938",3431,"roman",7,"M",1.64215949586572
"939",3947,"roman",7,"M",1.31645654632057
"940",4174,"roman",7,"M",1.75046317279256
"941",965,"roman",7,"M",1.54393111854937
"942",1922,"roman",7,"M",2.00571792517179
"943",377,"roman",7,"M",1.13982976870102
"944",391,"roman",7,"M",1.02005341861888
"945",412,"roman",7,"M",1.59652141480209
"946",1987,"roman",7,"M",2.35141442590383
"947",2104,"roman",7,"M",1.9374019327241
"948",2585,"roman",7,"M",1.33170191332795
"949",2590,"roman",7,"M",1.36710972699075
"950",2934,"roman",7,"M",1.02659048518507
"951",2943,"roman",7,"M",1.80096158372842
"952",394,"roman",7,"M",1.11705212050145
"953",401,"roman",7,"M",1.6420600964313
"954",3446,"roman",7,"M",1.05524615191105
"955",449,"roman",7,"M",1.19503363627684
"956",512,"roman",7,"M",0.827393212404831
"957",960,"roman",7,"M",1.63385326127767
"958",2055,"roman",7,"M",1.4884767293486
"959",243,"roman",7,"M",1.70773054538608
"960",977,"roman",7,"M",1.70486897454395
"961",1914,"roman",7,"M",1.03851828920483
"962",2000,"roman",7,"M",1.78450221925905
"963",2952,"roman",7,"M",1.61545659436367
"964",3515,"roman",7,"M",1.98732054135466
"965",523,"roman",7,"M",0.950970756645109
"966",203,"roman",7,"M",1.6409518857556
"967",208,"roman",7,"M",1.05260478329136
"968",221,"roman",7,"M",1.27470499330577
"969",228,"roman",7,"M",0.410482597560576
"970",233,"roman",7,"M",1.42445637328072
"971",303,"roman",7,"M",0.969512008290355
"972",320,"roman",7,"M",0.695772805210506
"973",374,"roman",7,"M",1.3441641415596
"974",375,"roman",7,"M",0.951662932238509
"975",376,"roman",7,"M",0.208106289543337
"976",403,"roman",7,"M",1.02006611900407
"977",446,"roman",7,"M",1.83121566870671
"978",450,"roman",7,"M",1.19836239875438
"979",542,"roman",7,"M",0.736798533898073
"980",584,"roman",7,"M",1.01734391885844
"981",730,"roman",7,"M",1.80277633338693
"982",952,"roman",7,"M",1.52108260098407
"983",957,"roman",7,"M",1.2309379707656
"984",997,"roman",7,"M",1.39884459487683
"985",1127,"roman",7,"M",1.50299371635835
"986",1130,"roman",7,"M",1.35610047235212
"987",1663,"roman",7,"M",1.8021457794828
"988",1948,"roman",7,"M",0.946640368488992
"989",1972,"roman",7,"M",1.57182144731851
"990",1977,"roman",7,"M",1.93773026793619
"991",1982,"roman",7,"M",2.4472865853923
"992",1991,"roman",7,"M",1.60887924124155
"993",1995,"roman",7,"M",1.47656121829415
"994",2025,"roman",7,"M",1.59386814931529
"995",2037,"roman",7,"M",0.791087124523272
"996",2041,"roman",7,"M",1.86331473167636
"997",2048,"roman",7,"M",2.1834251677441
"998",2050,"roman",7,"M",1.71671933149898
"999",2051,"roman",7,"M",2.30365608356854
"1000",2053,"roman",7,"M",1.83509867194699
"1001",2073,"roman",7,"M",1.56165236031089
"1002",2099,"roman",7,"M",1.14118765502546
"1003",2153,"roman",7,"M",0.450561208866305
"1004",2586,"roman",7,"M",1.52882718290336
"1005",2704,"roman",7,"M",1.24514196928558
"1006",2713,"roman",7,"M",1.68952622271471
"1007",2722,"roman",7,"M",2.20847307861798
"1008",2771,"roman",7,"M",2.04380162014601
"1009",2930,"roman",7,"M",1.2344932078291
"1010",2956,"roman",7,"M",1.01213349072585
"1011",3004,"roman",7,"M",1.22036271099937
"1012",3114,"roman",7,"M",2.263156160009
"1013",3171,"roman",7,"M",1.63599872343322
"1014",3186,"roman",7,"M",0.991534076172526
"1015",3449,"roman",7,"M",1.74542228716876
"1016",3724,"roman",7,"M",0.910851129590679
"1017",3730,"roman",7,"M",1.30733033890144
"1018",3748,"roman",7,"M",1.27208498850082
"1019",3752,"roman",7,"M",0.78933049801951
"1020",4163,"roman",7,"M",1.73370158663933
"1021",4202,"roman",7,"M",1.43194955157137
"1022",5534,"betsy",5,"F",1.06547466861866
"1023",5056,"betsy",4,"F",1.49542156909808
"1024",4980,"betsy",4,"F",1.45101576475346
"1025",5408,"betsy",4,"F",0.957067760846068
"1026",5537,"betsy",5,"F",1.11147869338108
"1027",5366,"betsy",4,"F",1.8265645514209
"1028",5439,"betsy",4,"F",1.57919943874866
"1029",5435,"betsy",4,"F",1.6403911198455
"1030",4994,"betsy",4,"F",1.26848359041257
"1031",5511,"betsy",5,"F",1.67489604063725
"1032",6365,"betsy",6,"F",1.34224328971667
"1033",5192,"betsy",4,"F",1.57500592653685
"1034",5441,"betsy",4,"F",1.82414729756009
"1035",5433,"betsy",4,"F",1.89381282637684
"1036",5284,"betsy",4,"F",1.93504597719308
"1037",6367,"betsy",6,"F",0.92174343600982
"1038",5299,"betsy",4,"F",1.8329580391178
"1039",6010,"betsy",5,"F",1.39017789786299
"1040",5905,"betsy",5,"F",0.875805545553025
"1041",5513,"betsy",5,"F",1.25778258185418
"1042",5661,"betsy",5,"F",1.6116317773428
"1043",4982,"betsy",4,"F",1.11053600698495
"1044",5306,"betsy",4,"F",1.00587100213832
"1045",5335,"betsy",4,"F",1.15441532237513
"1046",5196,"betsy",4,"F",1.84986967500973
"1047",5278,"betsy",4,"F",1.3471046275813
"1048",6015,"betsy",5,"F",1.22094448167222
"1049",5363,"betsy",4,"F",1.17120125023559
"1050",6239,"betsy",6,"F",0.368656663052857
"1051",5664,"betsy",5,"F",0.9381819478502
"1052",6009,"betsy",5,"F",1.58257065144044
"1053",5716,"betsy",5,"F",1.37488615807991
"1054",5416,"betsy",4,"F",0.746512533918342
"1055",6369,"betsy",6,"F",0.578401875956725
"1056",5390,"betsy",4,"F",1.21470829092258
"1057",4866,"betsy",4,"F",0.943999123535416
"1058",5302,"betsy",4,"F",0.911920399986366
"1059",4863,"betsy",4,"F",0.978524737441925
"1060",5410,"betsy",4,"F",1.45138709515779
"1061",5050,"betsy",4,"F",0.671910774168877
"1062",6017,"betsy",5,"F",0.67060489692051
"1063",4990,"betsy",4,"F",0.522144475714973
"1064",5152,"betsy",4,"F",1.94719241665275
"1065",5406,"betsy",4,"F",0.595979208337088
"1066",6016,"betsy",5,"F",0.89530228792898
"1067",6521,"betsy",6,"F",1.12501685967379
"1068",5684,"betsy",5,"F",1.26729117754734
"1069",5533,"betsy",5,"F",1.53827900266192
"1070",5360,"betsy",4,"F",1.66759912071935
"1071",5281,"betsy",4,"F",1.10932358886454
"1072",4860,"betsy",4,"F",1.31839682618281
"1073",4725,"betsy",4,"F",0.532341869662649
"1074",4754,"betsy",4,"F",1.18473891794169
"1075",4857,"betsy",4,"F",1.23921067373681
"1076",4998,"betsy",4,"F",1.18479882880755
"1077",5054,"betsy",4,"F",1.63113224569796
"1078",5059,"betsy",4,"F",0.0414328681373428
"1079",5062,"betsy",4,"F",1.27888254211135
"1080",5130,"betsy",4,"F",1.00118973966863
"1081",5275,"betsy",4,"F",1.7135999531499
"1082",5297,"betsy",4,"F",0.983386625717146
"1083",5310,"betsy",4,"F",1.67203827221773
"1084",5330,"betsy",4,"F",1.20213936714657
"1085",5371,"betsy",4,"F",0.600922221382598
"1086",5404,"betsy",4,"F",1.79348955969182
"1087",5412,"betsy",4,"F",1.1704205725727
"1088",5437,"betsy",4,"F",1.06393870037865
"1089",5509,"betsy",5,"F",0.747412034498452
"1090",5725,"betsy",5,"F",0.771770750284102
"1091",5892,"betsy",5,"F",0.404304418517311
"1092",6013,"betsy",5,"F",1.12794749409287
"1093",6370,"betsy",6,"F",1.24865586023044
"1094",3075,"klara",3,"F",2.00600515596723
"1095",4503,"klara",4,"F",0.861784068512648
"1096",3068,"klara",3,"F",2.15151524825175
"1097",4355,"klara",4,"F",1.34275788726069
"1098",4277,"klara",4,"F",1.39746853670162
"1099",4296,"klara",4,"F",1.61148418606535
"1100",4308,"klara",4,"F",1.63196170868557
"1101",4456,"klara",4,"F",1.05228494845595
"1102",4241,"klara",4,"F",1.23975176599651
"1103",4244,"klara",4,"F",1.53679684409245
"1104",4250,"klara",4,"F",0.803495396733696
"1105",4459,"klara",4,"F",1.55136930081027
"1106",4281,"klara",4,"F",1.18879991585127
"1107",3071,"klara",3,"F",2.48737588696072
"1108",4247,"klara",4,"F",1.24967352892372
"1109",4239,"klara",4,"F",1.10871505334778
"1110",4273,"klara",4,"F",1.43729848853334
"1111",4300,"klara",4,"F",0.877595508512582
"1112",4304,"klara",4,"F",0.786590343755474
"1113",4312,"klara",4,"F",1.55808183914758
"1114",4351,"klara",4,"F",0.592996630684446
"1115",4358,"klara",4,"F",1.23632883714807
"1116",4453,"klara",4,"F",0.721890406393967
"1117",3055,"kumara",3,"M",2.15227563149226
"1118",3290,"kumara",3,"M",1.56688721838982
"1119",3921,"kumara",4,"M",1.64553552673512
"1120",3896,"kumara",4,"M",1.81861839700367
"1121",3911,"kumara",4,"M",1.56894941082814
"1122",4193,"kumara",4,"M",1.5318262168435
"1123",3061,"kumara",3,"M",2.04319630241499
"1124",3058,"kumara",3,"M",2.03817370753968
"1125",4212,"kumara",4,"M",1.80436765917931
"1126",4189,"kumara",4,"M",1.80561715785759
"1127",3770,"kumara",3,"M",1.62527436047041
"1128",3333,"kumara",3,"M",1.88594047004517
"1129",4208,"kumara",4,"M",1.74170673389315
"1130",3767,"kumara",3,"M",1.35016087488687
"1131",3378,"kumara",3,"M",1.92125334988319
"1132",4483,"kumara",4,"M",0.932968935041707
"1133",4450,"kumara",4,"M",1.0829244670519
"1134",3870,"kumara",4,"M",1.73690919936149
"1135",3329,"kumara",3,"M",2.21550438390811
"1136",3108,"kumara",3,"M",2.48296314104759
"1137",3916,"kumara",4,"M",1.22535924613185
"1138",3773,"kumara",3,"M",1.79648965495195
"1139",3416,"kumara",3,"M",2.25183707086088
"1140",3051,"kumara",3,"M",1.93992932265233
"1141",4471,"kumara",4,"M",1.28753328944531
"1142",3339,"kumara",3,"M",1.64247739784231
"1143",4210,"kumara",4,"M",1.04738867239659
"1144",4469,"kumara",4,"M",0.554684572676278
"1145",4196,"kumara",4,"M",1.82284602510578
"1146",4437,"kumara",4,"M",1.00805962376659
"1147",3065,"kumara",3,"M",2.31166051426926
"1148",3420,"kumara",3,"M",1.89819061833649
"1149",3694,"kumara",3,"M",1.61401804644035
"1150",4099,"kumara",4,"M",1.41532916117775
"1151",4186,"kumara",4,"M",0.679677863950485
"1152",4442,"kumara",4,"M",0.857305082769615
"1153",4446,"kumara",4,"M",0.958574485880443
"1154",4467,"kumara",4,"M",0.904216340211532
"1155",4477,"kumara",4,"M",0.3531693834438
"1156",9811,"bayas",4,"M",1.32645557717773
"1157",10317,"bayas",5,"M",1.14209676751003
"1158",9908,"bayas",4,"M",1.39865573946537
"1159",10394,"bayas",5,"M",1.18027308269147
"1160",10422,"bayas",5,"M",1.53348395070678
"1161",9555,"bayas",4,"M",1.60434435684192
"1162",9561,"bayas",4,"M",0.991249965770505
"1163",9115,"bayas",4,"M",1.67494738385276
"1164",9706,"bayas",4,"M",1.3944738855628
"1165",9965,"bayas",4,"M",0.879665971686161
"1166",10338,"bayas",5,"M",1.29238563660472
"1167",10673,"bayas",5,"M",0.814912000054841
"1168",9730,"bayas",4,"M",1.11792732229193
"1169",10412,"bayas",5,"M",1.52636628229728
"1170",9738,"bayas",4,"M",1.53184120362086
"1171",9817,"bayas",4,"M",1.56294293711807
"1172",9692,"bayas",4,"M",1.04171297028332
"1173",10404,"bayas",5,"M",1.2085837455817
"1174",9806,"bayas",4,"M",1.21987196934201
"1175",10104,"bayas",4,"M",1.21384628316709
"1176",10333,"bayas",5,"M",1.32397679355897
"1177",9815,"bayas",4,"M",1.32411523058908
"1178",9696,"bayas",4,"M",1.31588003772748
"1179",9503,"bayas",4,"M",1.75319978759255
"1180",10409,"bayas",5,"M",1.81308415199878
"1181",9704,"bayas",4,"M",1.05278434572115
"1182",10315,"bayas",5,"M",1.32982442691731
"1183",9684,"bayas",4,"M",1.01027544600537
"1184",9686,"bayas",4,"M",0.754266246652044
"1185",10319,"bayas",5,"M",0.828857302669217
"1186",9366,"bayas",4,"M",1.90159858340089
"1187",9698,"bayas",4,"M",1.51410601833864
"1188",10425,"bayas",5,"M",1.27641599698722
"1189",10391,"bayas",5,"M",0.748925172510668
"1190",10406,"bayas",5,"M",1.31489053913287
"1191",7578,"bayas",2,"M",0.550553419735659
"1192",9718,"bayas",4,"M",1.40710855785531
"1193",9557,"bayas",4,"M",1.03652360238347
"1194",9547,"bayas",4,"M",1.75384292349561
"1195",9984,"bayas",4,"M",1.25853537932384
"1196",10402,"bayas",5,"M",1.06751524379188
"1197",7837,"bayas",2,"M",1.9491287233158
"1198",9734,"bayas",4,"M",1.13427351191813
"1199",9819,"bayas",4,"M",0.446653247322434
"1200",7341,"bayas",2,"M",1.91824225765669
"1201",7576,"bayas",2,"M",0.575176071745609
"1202",9368,"bayas",4,"M",1.01754933068307
"1203",9736,"bayas",4,"M",1.30739220594422
"1204",7361,"bayas",2,"M",1.46747072795755
"1205",9694,"bayas",4,"M",0.966973704822826
"1206",7851,"bayas",2,"M",1.8581903876569
"1207",10418,"bayas",5,"M",1.29474912369377
"1208",10415,"bayas",5,"M",1.1750393090823
"1209",7847,"bayas",2,"M",2.16187901269831
"1210",9498,"bayas",4,"M",1.7653983819236
"1211",9495,"bayas",4,"M",0.735603666358923
"1212",9700,"bayas",4,"M",0.734611973435315
"1213",7662,"bayas",2,"M",1.07354340923411
"1214",7628,"bayas",2,"M",0.62584042991496
"1215",9505,"bayas",4,"M",1.72966335187185
"1216",9726,"bayas",4,"M",1.07809095898554
"1217",7788,"bayas",2,"M",0.943846505198152
"1218",10679,"bayas",5,"M",0.401593827402791
"1219",7797,"bayas",2,"M",1.19516502852517
"1220",10348,"bayas",5,"M",1.132196993355
"1221",8068,"bayas",2,"M",1.38896855694815
"1222",8773,"bayas",3,"M",1.68001519546712
"1223",8785,"bayas",3,"M",0.900491516525268
"1224",7353,"bayas",2,"M",1.70667662470739
"1225",6959,"bayas",1,"M",1.16824903706451
"1226",6965,"bayas",1,"M",0.691192782003201
"1227",7016,"bayas",1,"M",1.4613655787105
"1228",7045,"bayas",1,"M",1.18161878143936
"1229",7047,"bayas",1,"M",1.05120325877707
"1230",7049,"bayas",1,"M",1.38283624535021
"1231",7161,"bayas",1,"M",0.552278442773136
"1232",7197,"bayas",1,"M",0.671415569995867
"1233",7244,"bayas",2,"M",1.32108458565037
"1234",7250,"bayas",2,"M",1.04514250743877
"1235",7252,"bayas",2,"M",1.50499842992001
"1236",7314,"bayas",2,"M",1.15555293531041
"1237",7319,"bayas",2,"M",0.539701683499987
"1238",7334,"bayas",2,"M",1.00079665636962
"1239",7448,"bayas",2,"M",0.596110249259926
"1240",7454,"bayas",2,"M",1.05102696073382
"1241",7459,"bayas",2,"M",1.12054663346479
"1242",7520,"bayas",2,"M",0.998552045780234
"1243",7522,"bayas",2,"M",1.18224315968578
"1244",7524,"bayas",2,"M",0.967650306341836
"1245",7526,"bayas",2,"M",0.854346251957909
"1246",7528,"bayas",2,"M",0.442525249609803
"1247",7546,"bayas",2,"M",0.115715209550291
"1248",7554,"bayas",2,"M",0.804748927471067
"1249",7623,"bayas",2,"M",0.935443707240627
"1250",7659,"bayas",2,"M",0.632960885978243
"1251",7745,"bayas",2,"M",0.695740612130102
"1252",7835,"bayas",2,"M",0.778199454384406
"1253",7839,"bayas",2,"M",1.38996318469307
"1254",7841,"bayas",2,"M",1.18087580857544
"1255",7843,"bayas",2,"M",1.26825700973763
"1256",7845,"bayas",2,"M",1.43503464407332
"1257",7849,"bayas",2,"M",1.81511625861842
"1258",8215,"bayas",3,"M",1.43330658872121
"1259",8757,"bayas",3,"M",1.18126563961158
"1260",8759,"bayas",3,"M",1.36190626670728
"1261",8761,"bayas",3,"M",0.589092090299123
"1262",8775,"bayas",3,"M",0.990023823806802
"1263",8779,"bayas",3,"M",0.757482246871369
"1264",8803,"bayas",3,"M",1.29563415616109
"1265",8805,"bayas",3,"M",1.3225879243013
"1266",8807,"bayas",3,"M",0.658448540062551
"1267",8809,"bayas",3,"M",1.44361340926199
"1268",8905,"bayas",3,"M",1.34827766451149
"1269",8907,"bayas",3,"M",0.162956405161012
"1270",8913,"bayas",3,"M",1.03641407635948
"1271",9034,"bayas",4,"M",0.808335119596341
"1272",9036,"bayas",4,"M",1.32841255520974
"1273",9042,"bayas",4,"M",0.226799988072577
"1274",9046,"bayas",4,"M",1.06400259328176
"1275",9050,"bayas",4,"M",0.786568407922659
"1276",9113,"bayas",4,"M",1.74477401290035
"1277",9123,"bayas",4,"M",0.683468557842441
"1278",9126,"bayas",4,"M",1.65457663306919
"1279",9128,"bayas",4,"M",1.51598823093138
"1280",9130,"bayas",4,"M",0.480135426847707
"1281",9132,"bayas",4,"M",1.31474133919824
"1282",9191,"bayas",4,"M",0.392642265539459
"1283",9193,"bayas",4,"M",1.6533119645851
"1284",9196,"bayas",4,"M",1.63092210432721
"1285",9198,"bayas",4,"M",0.677813043825813
"1286",9325,"bayas",4,"M",1.54021071005587
"1287",9358,"bayas",4,"M",1.05351248185429
"1288",9490,"bayas",4,"M",1.05566857673566
"1289",9501,"bayas",4,"M",1.58128359337453
"1290",9553,"bayas",4,"M",0.464821656905158
"1291",9559,"bayas",4,"M",0.67033842109061
"1292",9688,"bayas",4,"M",0.544554878421086
"1293",9690,"bayas",4,"M",0.364092172940948
"1294",9702,"bayas",4,"M",0.311647688797478
"1295",9712,"bayas",4,"M",0.582732771907049
"1296",9722,"bayas",4,"M",0.558465789503332
"1297",9876,"bayas",4,"M",0.981167596049562
"1298",9879,"bayas",4,"M",0.76478589704919
"1299",9882,"bayas",4,"M",0.543775423635878
"1300",9906,"bayas",4,"M",0.599471508555862
"1301",9910,"bayas",4,"M",1.14433401280275
"1302",9912,"bayas",4,"M",1.05730567775034
"1303",9960,"bayas",4,"M",1.4581640470785
"1304",9970,"bayas",4,"M",1.00733144334059
"1305",9975,"bayas",4,"M",1.0534595983401
"1306",9980,"bayas",4,"M",1.00468536217051
"1307",10106,"bayas",4,"M",0.448898588195717
"1308",10128,"bayas",5,"M",0.782632066512371
"1309",10131,"bayas",5,"M",0.179967617367999
"1310",10134,"bayas",5,"M",1.31201527627957
"1311",10343,"bayas",5,"M",0.688729855732074
"1312",10398,"bayas",5,"M",0.613436693008741
"1313",10400,"bayas",5,"M",0.152505032137866
"1314",10472,"bayas",5,"M",0.631106980705385
"1315",10682,"bayas",5,"M",0.692712192592359
"1316",10719,"bayas",5,"M",1.17946685430474
"1317",10721,"bayas",5,"M",0.766190355156501
"1318",2315,"jari manis",7,"M",1.36241210320963
"1319",2348,"jari manis",7,"M",1.78862298859816
"1320",1580,"jari manis",7,"M",2.43471659413402
"1321",1932,"jari manis",7,"M",1.08862525626279
"1322",1447,"jari manis",7,"M",2.2602884645702
"1323",2333,"jari manis",7,"M",0.846748555781606
"1324",2342,"jari manis",7,"M",2.15663231679879
"1325",1940,"jari manis",7,"M",0.856088034588385
"1326",1444,"jari manis",7,"M",2.0830039294789
"1327",1442,"jari manis",7,"M",1.65621587618306
"1328",1460,"jari manis",7,"M",2.1726088033281
"1329",1118,"jari manis",7,"M",1.34716717258896
"1330",2364,"jari manis",7,"M",1.24937971231505
"1331",2337,"jari manis",7,"M",1.69711757172516
"1332",1120,"jari manis",7,"M",1.50130912248594
"1333",1269,"jari manis",7,"M",1.96530300399345
"1334",1299,"jari manis",7,"M",1.46804648231429
"1335",1455,"jari manis",7,"M",2.46315878388511
"1336",1035,"jari manis",7,"M",2.12938375287568
"1337",1308,"jari manis",7,"M",1.22117394415945
"1338",1026,"jari manis",7,"M",2.03948464088853
"1339",1185,"jari manis",7,"M",2.18943201289377
"1340",1945,"jari manis",7,"M",1.70270156831209
"1341",1277,"jari manis",7,"M",1.93045970953266
"1342",1280,"jari manis",7,"M",2.08299686810928
"1343",1363,"jari manis",7,"M",1.9150738532358
"1344",1051,"jari manis",7,"M",2.4414628150355
"1345",1457,"jari manis",7,"M",2.56514121570601
"1346",1061,"jari manis",7,"M",2.25599690667899
"1347",1585,"jari manis",7,"M",2.47861142352363
"1348",1136,"jari manis",7,"M",2.00667395702568
"1349",1202,"jari manis",7,"M",2.42107389562114
"1350",1950,"jari manis",7,"M",1.76994359934605
"1351",1039,"jari manis",7,"M",2.18595078130882
"1352",1302,"jari manis",7,"M",2.45432735966176
"1353",2521,"jari manis",7,"M",2.01725785087291
"1354",1084,"jari manis",7,"M",2.11249953132295
"1355",1267,"jari manis",7,"M",1.64323216553223
"1356",1968,"jari manis",7,"M",1.60298654980523
"1357",2063,"jari manis",7,"M",1.94952438835272
"1358",1835,"jari manis",7,"M",1.57486579530329
"1359",1955,"jari manis",7,"M",2.01734529377284
"1360",2516,"jari manis",7,"M",2.52184433945099
"1361",2089,"jari manis",7,"M",1.6577377936552
"1362",1182,"jari manis",7,"M",1.93767821099768
"1363",1146,"jari manis",7,"M",1.38830827935126
"1364",1178,"jari manis",7,"M",2.04173330117698
"1365",2276,"jari manis",7,"M",1.58466863161336
"1366",2298,"jari manis",7,"M",1.73377452856537
"1367",1058,"jari manis",7,"M",2.53111800958601
"1368",1139,"jari manis",7,"M",1.38149880327587
"1369",1149,"jari manis",7,"M",2.05078250159018
"1370",1296,"jari manis",7,"M",1.57413989630319
"1371",1345,"jari manis",7,"M",0.705563624861268
"1372",1829,"jari manis",7,"M",2.24569903930531
"1373",1452,"jari manis",7,"M",2.04481472902721
"1374",1119,"jari manis",7,"M",1.99787610018728
"1375",1142,"jari manis",7,"M",1.34089483033343
"1376",1167,"jari manis",7,"M",1.35292571534815
"1377",1209,"jari manis",7,"M",1.18381446203514
"1378",1262,"jari manis",7,"M",0.977405882566566
"1379",1265,"jari manis",7,"M",1.55523264484652
"1380",1268,"jari manis",7,"M",1.21896327860242
"1381",1640,"jari manis",7,"M",1.30456344038392
"1382",1832,"jari manis",7,"M",1.32961138376532
"1383",1960,"jari manis",7,"M",2.38527338698892
"1384",2092,"jari manis",7,"M",1.17160728095375
"1385",3465,"somat",2,"M",1.85821756116535
"1386",3358,"somat",2,"M",2.42855339114377
"1387",3467,"somat",2,"M",2.0154951488847
"1388",3354,"somat",2,"M",2.521196182724
"1389",3463,"somat",2,"M",2.1038435999472
"1390",3677,"kayla",7,"F",1.48356334934691
"1391",3681,"kayla",7,"F",1.95473252112146
"1392",2493,"kayla",6,"F",1.83019538759174
"1393",3843,"kayla",7,"F",1.60193410530826
"1394",4167,"kayla",7,"F",1.71057164717628
"1395",3704,"kayla",7,"F",1.50374284528493
"1396",3633,"kayla",7,"F",1.70387480790349
"1397",3769,"kayla",7,"F",1.25812628221379
"1398",3702,"kayla",7,"F",1.23687838530108
"1399",2748,"kayla",6,"F",2.0908206880968
"1400",2236,"kayla",6,"F",2.24554954837267
"1401",1983,"kayla",6,"F",2.02764502584236
"1402",2496,"kayla",6,"F",1.97910535740866
"1403",2344,"kayla",6,"F",1.81612822833171
"1404",3692,"kayla",7,"F",1.49017486916037
"1405",2080,"kayla",6,"F",2.03108080695211
"1406",4335,"kayla",7,"F",1.35248886500346
"1407",2763,"kayla",6,"F",2.09722872312113
"1408",2006,"kayla",6,"F",1.97621625436602
"1409",2601,"kayla",6,"F",1.49803283525444
"1410",2195,"kayla",6,"F",1.96856880937522
"1411",2570,"kayla",6,"F",1.66102953439513
"1412",2786,"kayla",6,"F",1.61594919824451
"1413",2928,"kayla",6,"F",1.8933294280576
"1414",4289,"kayla",7,"F",2.01664957920119
"1415",2842,"kayla",6,"F",1.81117377767673
"1416",2213,"kayla",6,"F",2.02216988545809
"1417",2790,"kayla",6,"F",1.27742687580574
"1418",1996,"kayla",6,"F",1.95692723289416
"1419",2360,"kayla",6,"F",2.12660534822539
"1420",2746,"kayla",6,"F",1.4252882799376
"1421",2754,"kayla",6,"F",1.88064999837611
"1422",3714,"kayla",7,"F",1.44156721193252
"1423",3851,"kayla",7,"F",1.86249484934261
"1424",2189,"kayla",6,"F",1.82186238730078
"1425",2931,"kayla",6,"F",2.04739961788772
"1426",2850,"kayla",6,"F",1.36311006913235
"1427",4331,"kayla",7,"F",1.9284371629049
"1428",2592,"kayla",6,"F",1.07429944200084
"1429",1988,"kayla",6,"F",0.963319706976781
"1430",2226,"kayla",6,"F",1.42098457608038
"1431",2072,"kayla",6,"F",1.49199323146743
"1432",2596,"kayla",6,"F",1.69549107563643
"1433",4199,"kayla",7,"F",1.59544762648668
"1434",2366,"kayla",6,"F",1.30092768181359
"1435",2757,"kayla",6,"F",1.50280298206371
"1436",2830,"kayla",6,"F",1.19362103933347
"1437",2937,"kayla",6,"F",1.87669178248196
"1438",4084,"kayla",7,"F",1.80421897200841
"1439",2863,"kayla",6,"F",2.2271147748495
"1440",2935,"kayla",6,"F",0.993170286310972
"1441",3766,"kayla",7,"F",1.98968956982374
"1442",2329,"kayla",6,"F",2.01399294820894
"1443",2866,"kayla",6,"F",1.97588303082107
"1444",2241,"kayla",6,"F",1.42038358511039
"1445",1734,"kayla",6,"F",1.31139980575359
"1446",2853,"kayla",6,"F",2.22050627746575
"1447",4088,"kayla",7,"F",1.44928984458672
"1448",1978,"kayla",6,"F",1.4259798182365
"1449",2933,"kayla",6,"F",1.0356139716122
"1450",4204,"kayla",7,"F",1.62421683457708
"1451",2355,"kayla",6,"F",1.58628386176642
"1452",2137,"kayla",6,"F",1.74646539316715
"1453",2192,"kayla",6,"F",1.13595470932592
"1454",1760,"kayla",6,"F",1.8722581979215
"1455",1907,"kayla",6,"F",1.80182122725082
"1456",1739,"kayla",6,"F",1.98301024229304
"1457",1742,"kayla",6,"F",1.31469269118811
"1458",1745,"kayla",6,"F",1.63473298769199
"1459",2207,"kayla",6,"F",1.86061430738346
"1460",2323,"kayla",6,"F",1.40907142092719
"1461",2612,"kayla",6,"F",1.36647795223562
"1462",2838,"kayla",6,"F",1.77057002241881
"1463",3878,"kayla",7,"F",1.24323677982516
"1464",2221,"kayla",6,"F",0.804601259760861
"1465",2211,"kayla",6,"F",0.764993672373749
"1466",2371,"kayla",6,"F",1.4939223500094
"1467",2871,"kayla",6,"F",1.28796121659978
"1468",4207,"kayla",7,"F",1.39656021769592
"1469",1911,"kayla",6,"F",1.93403585283815
"1470",2198,"kayla",6,"F",1.61491316798673
"1471",698,"kayla",5,"F",1.55601299862735
"1472",1764,"kayla",6,"F",1.29200687678175
"1473",1916,"kayla",6,"F",1.71729436483373
"1474",1973,"kayla",6,"F",0.937040820338979
"1475",2133,"kayla",6,"F",1.85457472171948
"1476",2135,"kayla",6,"F",1.63003185361126
"1477",2216,"kayla",6,"F",1.2769895429694
"1478",2231,"kayla",6,"F",1.1962486249418
"1479",2246,"kayla",6,"F",1.30413175437318
"1480",2350,"kayla",6,"F",0.994901710592456
"1481",2832,"kayla",6,"F",1.35160372797648
"1482",3700,"kayla",7,"F",1.20751065282728
"1483",4129,"kayla",7,"F",1.05267173467267
"1484",4195,"kayla",7,"F",0.809290726576157
"1485",4328,"kayla",7,"F",0.401861556999073
"1486",4337,"kayla",7,"F",0.631659149127536
"1487",9649,"king",3,"M",1.7832531556209
"1488",10599,"king",4,"M",1.52749334720787
"1489",9946,"king",3,"M",1.33356271173349
"1490",9789,"king",3,"M",1.54408669848893
"1491",3034,"king",7,"M",1.57053910333915
"1492",9952,"king",3,"M",1.95900566591251
"1493",9786,"king",3,"M",1.65673733546299
"1494",10442,"king",4,"M",2.08252915094061
"1495",9954,"king",3,"M",1.05469074788903
"1496",9838,"king",3,"M",1.42390299254416
"1497",3021,"king",7,"M",2.05924121899507
"1498",10273,"king",4,"M",1.91739678063848
"1499",3041,"king",7,"M",1.17834258887751
"1500",2996,"king",7,"M",1.4746705488552
"1501",9944,"king",3,"M",1.90786196206706
"1502",2965,"king",7,"M",1.87005026832673
"1503",9653,"king",3,"M",1.20955396896383
"1504",9783,"king",3,"M",1.66671882976579
"1505",9411,"king",3,"M",2.11780333392984
"1506",9418,"king",3,"M",1.60991287012318
"1507",2978,"king",7,"M",1.78422540699771
"1508",9515,"king",3,"M",2.01483294350355
"1509",9512,"king",3,"M",1.39244501304889
"1510",9296,"king",3,"M",1.83429790761784
"1511",2997,"king",7,"M",1.31778723196356
"1512",9579,"king",3,"M",1.3666436125413
"1513",3127,"king",7,"M",1.48970741791791
"1514",9518,"king",3,"M",1.87735428331427
"1515",10148,"king",4,"M",1.34823130130867
"1516",2980,"king",7,"M",1.26237938087255
"1517",3129,"king",7,"M",2.41412671730135
"1518",8630,"king",2,"M",1.178421521602
"1519",9089,"king",3,"M",1.64387682369583
"1520",8936,"king",3,"M",2.00332998269506
"1521",9457,"king",3,"M",1.32333150152462
"1522",10271,"king",4,"M",0.864303500237935
"1523",2970,"king",7,"M",1.13308984979777
"1524",9651,"king",3,"M",1.30261698787898
"1525",3117,"king",7,"M",1.70439984501223
"1526",7919,"king",1,"M",0.544545902820113
"1527",8883,"king",2,"M",1.60782191357593
"1528",8885,"king",2,"M",0.952727469480453
"1529",8887,"king",2,"M",1.25167816161616
"1530",8889,"king",2,"M",1.40971669148578
"1531",8891,"king",2,"M",1.59249950165868
"1532",8928,"king",3,"M",1.5910153320816
"1533",8930,"king",3,"M",1.11005581346542
"1534",8932,"king",3,"M",1.05316147214022
"1535",9027,"king",3,"M",1.08927460781734
"1536",9085,"king",3,"M",0.727722650069057
"1537",9105,"king",3,"M",1.16225910489126
"1538",9107,"king",3,"M",1.38975574741073
"1539",9109,"king",3,"M",0.908789989279392
"1540",9290,"king",3,"M",0.783519762303442
"1541",9300,"king",3,"M",0.691164541320862
"1542",9302,"king",3,"M",0.976304007802074
"1543",9305,"king",3,"M",0.315311746411437
"1544",9407,"king",3,"M",2.02628782268425
"1545",9415,"king",3,"M",1.50792416967519
"1546",9424,"king",3,"M",0.881478325909843
"1547",9452,"king",3,"M",1.65423922687508
"1548",9455,"king",3,"M",1.39865393463311
"1549",9521,"king",3,"M",1.14087103760884
"1550",9524,"king",3,"M",0.982427234772322
"1551",9587,"king",3,"M",1.33477451775626
"1552",9647,"king",3,"M",1.21955985564307
"1553",9655,"king",3,"M",1.11098595951046
"1554",9776,"king",3,"M",1.28411674518878
"1555",9780,"king",3,"M",1.28524889847029
"1556",9826,"king",3,"M",1.65014815266291
"1557",9829,"king",3,"M",1.2118748593176
"1558",9832,"king",3,"M",0.68430757887996
"1559",9835,"king",3,"M",0.685459633611679
"1560",9950,"king",3,"M",1.10456024466726
"1561",10036,"king",4,"M",1.44550083487801
"1562",10040,"king",4,"M",1.42248769495232
"1563",10045,"king",4,"M",0.930389689011539
"1564",10381,"king",4,"M",1.65217241454173
"1565",10438,"king",4,"M",1.82093156644171
"1566",10444,"king",4,"M",1.00116846733234
"1567",10446,"king",4,"M",0.661295577817703
"1568",10449,"king",4,"M",0.716419769026302
"1569",10576,"king",4,"M",1.27403282765564
"1570",10578,"king",4,"M",0.955418297214489
"1571",10593,"king",4,"M",0.41400310121704
"1572",10595,"king",4,"M",1.48007793367009
"1573",10625,"king",4,"M",1.09726810601919
"1574",10661,"king",4,"M",1.63039681308393
"1575",10703,"king",4,"M",1.25363794424128
"1576",2567,"bibi",6,"F",1.91791950353673
"1577",1556,"bibi",6,"F",1.413807461205
"1578",2569,"bibi",6,"F",1.68338499954388
"1579",1417,"bibi",6,"F",1.86804225095485
"1580",1635,"bibi",6,"F",1.79719466690701
"1581",1587,"bibi",6,"F",2.00258587233735
"1582",1528,"bibi",6,"F",1.50476484360812
"1583",748,"bibi",5,"F",1.37741843443416
"1584",1731,"bibi",6,"F",1.90783471236494
"1585",1430,"bibi",6,"F",0.831417995913593
"1586",773,"bibi",5,"F",1.81900599179407
"1587",1426,"bibi",6,"F",1.86547553475688
"1588",1549,"bibi",6,"F",1.25985535042781
"1589",1706,"bibi",6,"F",1.72553921152623
"1590",1566,"bibi",6,"F",1.01293952442659
"1591",1637,"bibi",6,"F",1.70909972056219
"1592",2576,"bibi",6,"F",1.63503106616634
"1593",1384,"bibi",6,"F",2.108602409893
"1594",2083,"bibi",6,"F",1.74767072087861
"1595",1682,"bibi",6,"F",2.10200216811973
"1596",1613,"bibi",6,"F",2.21487863500721
"1597",562,"bibi",5,"F",0.945719946403873
"1598",569,"bibi",5,"F",1.8362693050024
"1599",1543,"bibi",6,"F",1.54198738931216
"1600",1729,"bibi",6,"F",1.71496407455301
"1601",1216,"bibi",6,"F",1.84317456379745
"1602",1600,"bibi",6,"F",2.04275042788542
"1603",746,"bibi",5,"F",1.68819164887663
"1604",1686,"bibi",6,"F",1.73114677267862
"1605",1702,"bibi",6,"F",1.22050202616176
"1606",1790,"bibi",6,"F",1.9320148505786
"1607",1698,"bibi",6,"F",1.84246897497727
"1608",1610,"bibi",6,"F",2.12467247013989
"1609",1730,"bibi",6,"F",1.38567317064849
"1610",1690,"bibi",6,"F",1.9021518618134
"1611",1583,"bibi",6,"F",1.82336384182133
"1612",1639,"bibi",6,"F",1.23181278495404
"1613",1733,"bibi",6,"F",1.12413354808308
"1614",1775,"bibi",6,"F",1.71088914078699
"1615",1726,"bibi",6,"F",1.48130164940581
"1616",1773,"bibi",6,"F",1.92424837963591
"1617",207,"bibi",4,"F",1.39251390410248
"1618",1591,"bibi",6,"F",1.23508777369329
"1619",565,"bibi",5,"F",1.5451379233554
"1620",1713,"bibi",6,"F",1.37510167288582
"1621",1716,"bibi",6,"F",1.14610062510254
"1622",1782,"bibi",6,"F",0.828671063324354
"1623",4138,"ml08jan02a",7,"M",1.86818275063151
"1624",100034,"fml04mar23_rk",7,"M",0.47713931337932
"1625",5824,"berani",4,"F",1.13221324921195
"1626",5455,"berani",3,"F",1.49281998705805
"1627",5827,"berani",4,"F",1.15858617096394
"1628",5836,"berani",4,"F",1.32335295991173
"1629",4630,"berani",2,"F",1.43733218662134
"1630",5625,"berani",4,"F",1.56002707196092
"1631",5453,"berani",3,"F",1.86353953956614
"1632",5852,"berani",4,"F",1.33822259285039
"1633",6853,"berani",6,"F",1.25958313021344
"1634",5959,"berani",4,"F",1.2179487850428
"1635",5254,"berani",3,"F",2.34064968789268
"1636",7102,"berani",6,"F",1.71712267237022
"1637",5459,"berani",3,"F",0.806544064002062
"1638",6872,"berani",6,"F",1.84161131166159
"1639",5457,"berani",3,"F",1.09026626887549
"1640",5629,"berani",4,"F",1.50000084064077
"1641",7156,"berani",6,"F",1.75937201537081
"1642",6332,"berani",5,"F",0.426099086761628
"1643",6852,"berani",6,"F",0.858917877874408
"1644",4625,"berani",2,"F",1.51039264249992
"1645",6876,"berani",6,"F",1.61765241027447
"1646",7059,"berani",6,"F",1.46713478360902
"1647",5266,"berani",3,"F",1.76950127097419
"1648",6875,"berani",6,"F",1.11756057509952
"1649",5850,"berani",4,"F",1.07184544609526
"1650",5243,"berani",3,"F",1.79577666768351
"1651",5249,"berani",3,"F",1.16782196068712
"1652",5257,"berani",3,"F",1.41296178488467
"1653",5451,"berani",3,"F",1.43912146794997
"1654",5961,"berani",4,"F",1.58545285332514
"1655",5902,"berani",4,"F",0.607064944814823
"1656",5954,"berani",4,"F",1.27007397946146
"1657",5956,"berani",4,"F",1.71012791074663
"1658",7153,"berani",6,"F",1.38474890464042
"1659",5621,"berani",4,"F",1.03381434662413
"1660",4628,"berani",2,"F",0.986907835933704
"1661",5012,"berani",3,"F",1.25238980439857
"1662",5246,"berani",3,"F",1.66212249486296
"1663",5252,"berani",3,"F",2.16655366491724
"1664",5832,"berani",4,"F",0.974923619060991
"1665",6256,"berani",5,"F",0.433398873290746
"1666",6776,"berani",6,"F",0.8296671463209
"1667",6777,"berani",6,"F",1.52874161234764
"1668",6854,"berani",6,"F",0.893126774305304
"1669",6871,"berani",6,"F",1.28142954140419
"1670",7098,"berani",6,"F",1.56233796925038
"1671",7105,"berani",6,"F",1.65567355802511
"1672",3629,"uml30mar01",2,"M",1.12830279755583
"1673",6181,"dinda",6,"F",1.07982654904314
"1674",6180,"dinda",6,"F",0.907732999357879
"1675",4685,"dinda",3,"F",1.2887659213446
"1676",4681,"dinda",3,"F",2.13891023535993
"1677",4671,"dinda",3,"F",1.43496198383168
"1678",6178,"dinda",6,"F",0.385944985545332
"1679",4678,"dinda",3,"F",2.35163345177839
"1680",4669,"dinda",3,"F",1.8354527645774
"1681",5994,"dinda",5,"F",0.80048739068512
"1682",6384,"dinda",6,"F",1.21336684933494
"1683",5399,"codet",7,"M",1.57914665889319
"1684",5911,"codet",7,"M",1.68702965704197
"1685",6142,"codet",7,"M",1.16283398988967
"1686",6615,"codet",7,"M",2.31944699852542
"1687",5728,"codet",7,"M",1.55576947700643
"1688",5354,"codet",7,"M",1.52910526384342
"1689",6148,"codet",7,"M",1.49835149934891
"1690",5110,"codet",7,"M",2.31305170819477
"1691",5234,"codet",7,"M",1.44884758304187
"1692",5250,"codet",7,"M",1.73541610900565
"1693",6574,"codet",7,"M",0.996470956276376
"1694",5556,"codet",7,"M",1.24429617326989
"1695",6324,"codet",7,"M",1.43001660742525
"1696",5400,"codet",7,"M",1.86724573844501
"1697",5383,"codet",7,"M",2.05293188205741
"1698",5472,"codet",7,"M",1.71854119404063
"1699",6632,"codet",7,"M",2.27295521171633
"1700",5350,"codet",7,"M",1.32406101025492
"1701",5372,"codet",7,"M",1.27392595614563
"1702",6585,"codet",7,"M",1.88382873740204
"1703",6150,"codet",7,"M",1.37610369199585
"1704",6235,"codet",7,"M",1.06739821720809
"1705",5090,"codet",7,"M",1.36775155911667
"1706",5351,"codet",7,"M",1.5220396254736
"1707",6517,"codet",7,"M",1.73845350515477
"1708",6563,"codet",7,"M",1.4420179949033
"1709",6595,"codet",7,"M",1.70778181794428
"1710",6450,"codet",7,"M",1.2275261523444
"1711",5938,"codet",7,"M",1.23957892872911
"1712",6098,"codet",7,"M",1.36726576437516
"1713",6634,"codet",7,"M",2.13735534660135
"1714",6612,"codet",7,"M",1.72203109204345
"1715",6126,"codet",7,"M",0.650281491442664
"1716",5233,"codet",7,"M",1.56045267565734
"1717",5474,"codet",7,"M",1.29770549532282
"1718",5031,"codet",7,"M",0.783458819848168
"1719",5084,"codet",7,"M",0.699335398538777
"1720",5095,"codet",7,"M",1.38757951872681
"1721",5229,"codet",7,"M",1.36717443375718
"1722",5232,"codet",7,"M",1.15467907387959
"1723",5247,"codet",7,"M",1.33573966718244
"1724",5261,"codet",7,"M",1.03237716806844
"1725",5349,"codet",7,"M",1.79618434810176
"1726",5352,"codet",7,"M",1.2873083932632
"1727",5377,"codet",7,"M",1.40312243241785
"1728",5380,"codet",7,"M",1.80107427742452
"1729",5398,"codet",7,"M",1.80956439817421
"1730",5466,"codet",7,"M",1.51626992022082
"1731",5467,"codet",7,"M",0.898907148780844
"1732",5468,"codet",7,"M",0.864582289725258
"1733",5470,"codet",7,"M",1.11154466696067
"1734",5473,"codet",7,"M",1.01171344008188
"1735",5727,"codet",7,"M",1.58182290174441
"1736",5937,"codet",7,"M",0.735117326845546
"1737",5939,"codet",7,"M",1.06107578209577
"1738",5940,"codet",7,"M",1.18373649376491
"1739",6101,"codet",7,"M",1.1818010045962
"1740",6128,"codet",7,"M",0.283311408510833
"1741",6238,"codet",7,"M",1.42036112457281
"1742",6240,"codet",7,"M",1.17915422713923
"1743",6562,"codet",7,"M",1.0422866662377
"1744",6564,"codet",7,"M",0.925601515458254
"1745",6565,"codet",7,"M",1.15370824932425
"1746",6588,"codet",7,"M",1.35281040843579
"1747",6633,"codet",7,"M",1.23905253194719
"1748",6636,"codet",7,"M",2.40992980463256
"1749",6760,"codet",7,"M",1.36022403873794
"1750",6763,"codet",7,"M",0.147828733540731
"1751",6863,"codet",7,"M",1.35890655450506
"1752",6864,"codet",7,"M",1.90203069156958
"1753",6913,"codet",7,"M",1.81116275627972
"1754",5532,"uok",3,"M",1.31966639220476
"1755",5014,"uok",2,"M",1.82881923074955
"1756",4883,"uok",2,"M",1.0440432908452
"1757",4874,"uok",2,"M",1.97480727908411
"1758",4885,"uok",2,"M",1.19484296819379
"1759",4635,"uok",1,"M",1.27097140421261
"1760",4915,"uok",2,"M",0.851590626815581
"1761",5539,"uok",3,"M",1.74953942105019
"1762",5006,"uok",2,"M",1.68500793136711
"1763",5094,"uok",2,"M",1.76301774465662
"1764",4876,"uok",2,"M",1.63481554657703
"1765",4878,"uok",2,"M",1.28310938517062
"1766",5016,"uok",2,"M",1.58088047206385
"1767",5088,"uok",2,"M",1.46817855148437
"1768",4824,"uok",2,"M",2.00988358796256
"1769",5536,"uok",3,"M",1.85418265583568
"1770",4639,"uok",1,"M",1.43160305297553
"1771",4925,"uok",2,"M",0.788054425171126
"1772",4828,"uok",2,"M",1.82807996546368
"1773",4835,"uok",2,"M",1.55749736592383
"1774",4847,"uok",2,"M",1.60798648817768
"1775",4891,"uok",2,"M",1.49943060978754
"1776",4988,"uok",2,"M",0.480368694319113
"1777",5004,"uok",2,"M",1.56472352845826
"1778",5083,"uok",2,"M",2.05867496245179
"1779",65,"tumor belly",7,"M",1.6566041491098
"1780",148,"tumor belly",7,"M",0.749426814480289
"1781",124,"tumor belly",7,"M",0.586981196645582
"1782",169,"tumor belly",7,"M",0.843107997480198
"1783",172,"tumor belly",7,"M",0.486741881918924
"1784",174,"tumor belly",7,"M",1.16722312474846
"1785",7032,"vanna",3,"F",1.57518399142747
"1786",7111,"vanna",3,"F",1.76851988786301
"1787",7086,"vanna",3,"F",1.0164196172603
"1788",7088,"vanna",3,"F",1.3627586057992
"1789",7034,"vanna",3,"F",1.0624959522036
"1790",6076,"vanna",1,"F",0.163023629494366
"1791",7025,"vanna",3,"F",0.654909063182464
"1792",7027,"vanna",3,"F",0.619051105164635
"1793",7030,"vanna",3,"F",0.971436258455157
"1794",7090,"vanna",3,"F",0.998074884597399
"1795",7092,"vanna",3,"F",1.78609484754173
"1796",7094,"vanna",3,"F",0.783367460918057
"1797",7101,"vanna",3,"F",1.68991006026789
"1798",7104,"vanna",3,"F",1.41125717255995
"1799",7108,"vanna",3,"F",1.63339451859607
"1800",7169,"alfred",7,"M",1.9349948713418
"1801",7115,"alfred",7,"M",1.88474158319959
"1802",7587,"alfred",7,"M",2.10382034085404
"1803",7120,"alfred",7,"M",2.01701511064878
"1804",9519,"alfred",7,"M",1.15627626713727
"1805",7171,"alfred",7,"M",1.92250059588856
"1806",8950,"alfred",7,"M",0.893878302324091
"1807",8954,"alfred",7,"M",1.48127685590461
"1808",9621,"alfred",7,"M",1.45003978031922
"1809",9627,"alfred",7,"M",0.990943722690468
"1810",6905,"alfred",7,"M",1.76337721393739
"1811",9591,"alfred",7,"M",1.38369993442364
"1812",7380,"alfred",7,"M",1.42752085892315
"1813",7141,"alfred",7,"M",2.17587687432768
"1814",7134,"alfred",7,"M",2.08669198603315
"1815",7122,"alfred",7,"M",2.63148076174259
"1816",8960,"alfred",7,"M",1.95189364146016
"1817",9206,"alfred",7,"M",1.01516151123711
"1818",7167,"alfred",7,"M",1.0830450245475
"1819",7304,"alfred",7,"M",2.00282853719844
"1820",6754,"alfred",7,"M",1.32949107413381
"1821",9600,"alfred",7,"M",1.03573536966618
"1822",9679,"alfred",7,"M",0.649149324904193
"1823",6928,"alfred",7,"M",1.85048193209669
"1824",9060,"alfred",7,"M",1.82711102710282
"1825",6749,"alfred",7,"M",1.48852102772014
"1826",6751,"alfred",7,"M",1.27046320204433
"1827",6904,"alfred",7,"M",1.46359082279058
"1828",6926,"alfred",7,"M",1.52289019449155
"1829",6934,"alfred",7,"M",0.919354882917026
"1830",7117,"alfred",7,"M",1.03081183490037
"1831",7119,"alfred",7,"M",0.968058548638795
"1832",7227,"alfred",7,"M",2.32981876962014
"1833",7234,"alfred",7,"M",2.14976833305672
"1834",7303,"alfred",7,"M",1.35237931609427
"1835",8943,"alfred",7,"M",1.66777358819949
"1836",8944,"alfred",7,"M",0.783055940699586
"1837",8946,"alfred",7,"M",1.47844196372018
"1838",8948,"alfred",7,"M",0.756972548855488
"1839",8949,"alfred",7,"M",0.817310084334883
"1840",8951,"alfred",7,"M",1.1911599912034
"1841",8957,"alfred",7,"M",1.50088586523458
"1842",9055,"alfred",7,"M",0.515114839293837
"1843",9063,"alfred",7,"M",1.57646201997631
"1844",9066,"alfred",7,"M",1.05122328192114
"1845",9078,"alfred",7,"M",1.92147447524091
"1846",9211,"alfred",7,"M",0.630134207830758
"1847",9216,"alfred",7,"M",1.15930500716123
"1848",9218,"alfred",7,"M",1.86314869221816
"1849",9222,"alfred",7,"M",0.689746925928712
"1850",9259,"alfred",7,"M",1.83278743259233
"1851",9267,"alfred",7,"M",0.61739491131592
"1852",9276,"alfred",7,"M",0.6776452716535
"1853",9280,"alfred",7,"M",0.757779369726807
"1854",9306,"alfred",7,"M",0.609050747603517
"1855",9307,"alfred",7,"M",0.9714715075601
"1856",9308,"alfred",7,"M",0.861789773652527
"1857",9312,"alfred",7,"M",0.134788145878948
"1858",9318,"alfred",7,"M",1.47881888799344
"1859",9326,"alfred",7,"M",1.1158062634085
"1860",9327,"alfred",7,"M",0.527912461196506
"1861",9329,"alfred",7,"M",1.99420635971763
"1862",9447,"alfred",7,"M",0.979696328017006
"1863",9453,"alfred",7,"M",1.50731827358346
"1864",9470,"alfred",7,"M",0.425910999171668
"1865",9471,"alfred",7,"M",1.02565614201283
"1866",9476,"alfred",7,"M",1.16495366546738
"1867",9477,"alfred",7,"M",1.37927849057859
"1868",9480,"alfred",7,"M",0.391584299629621
"1869",9481,"alfred",7,"M",0.575577716197459
"1870",9482,"alfred",7,"M",0.805453380434671
"1871",9513,"alfred",7,"M",0.890598272269563
"1872",9516,"alfred",7,"M",0.825620581476164
"1873",9522,"alfred",7,"M",1.69788233236787
"1874",9525,"alfred",7,"M",0.266947853104228
"1875",9567,"alfred",7,"M",0.141488498271311
"1876",9599,"alfred",7,"M",0.773078485078063
"1877",9601,"alfred",7,"M",0.394159504835836
"1878",9615,"alfred",7,"M",1.14714528403565
"1879",9618,"alfred",7,"M",0.779822929665951
"1880",9624,"alfred",7,"M",0.67877282150442
"1881",9677,"alfred",7,"M",0.415696989937629
"1882",9680,"alfred",7,"M",0.202369115745735
"1883",3997,"astpal",7,"M",1.36108467971865
"1884",4013,"astpal",7,"M",1.40226638948993
"1885",4080,"astpal",7,"M",1.92922672894184
"1886",4023,"astpal",7,"M",2.24375552357099
"1887",4076,"astpal",7,"M",1.53128182493642
"1888",3971,"astpal",7,"M",0.582162669074611
"1889",3985,"astpal",7,"M",1.34338161344919
"1890",4150,"astpal",7,"M",0.583317305651643
"1891",4341,"astpal",7,"M",1.56628090754568
"1892",4345,"astpal",7,"M",1.62701400410441
"1893",5887,"benny",1,"M",1.18432111567646
"1894",6807,"benny",3,"M",1.72579945031812
"1895",7106,"benny",3,"M",1.81455693716292
"1896",6803,"benny",3,"M",1.16045236328064
"1897",5889,"benny",1,"M",1.05505560113547
"1898",7116,"benny",3,"M",2.31040265489864
"1899",6002,"benny",2,"M",1.102098567692
"1900",6004,"benny",2,"M",1.87075450066271
"1901",7114,"benny",3,"M",1.64325447755577
"1902",5883,"benny",1,"M",0.200583594627875
"1903",5932,"benny",2,"M",1.98205313981683
"1904",5925,"benny",2,"M",1.81292176987023
"1905",5928,"benny",2,"M",2.02751508039882
"1906",6008,"benny",2,"M",0.909384141518489
"1907",5879,"benny",1,"M",0.455079044967395
"1908",5884,"benny",1,"M",0.82685416404464
"1909",5891,"benny",1,"M",0.693147180559945
"1910",5919,"benny",2,"M",1.70249152574134
"1911",5927,"benny",2,"M",1.65839259174542
"1912",5931,"benny",2,"M",1.63143704431693
"1913",6000,"benny",2,"M",2.00740861164839
"1914",6373,"benny",2,"M",1.69192243283704
"1915",6381,"benny",2,"M",1.10068389248368
"1916",7109,"benny",3,"M",0.998330307083795
"1917",7112,"benny",3,"M",1.97698073274712
"1918",81,"shea",7,"F",1.65437636186589
"1919",78,"shea",7,"F",1.60130982613591
"1920",139,"shea",7,"F",1.35710123724029
"1921",84,"shea",7,"F",0.90812966657793
"1922",3576,"moss",3,"M?",1.30220495911377
"1923",7085,"dolia",3,"F",1.10692612751105
"1924",6355,"dolia",2,"F",1.80950761648689
"1925",6353,"dolia",2,"F",2.04759765263466
"1926",6089,"dolia",2,"F",1.81298892619596
"1927",6360,"dolia",2,"F",0.606694992757827
"1928",6173,"dolia",2,"F",1.87770360345162
"1929",7093,"dolia",3,"F",1.26273111800064
"1930",6081,"dolia",2,"F",0.66384931876308
"1931",6083,"dolia",2,"F",0.219032521789021
"1932",6085,"dolia",2,"F",1.79761405626979
"1933",6329,"dolia",2,"F",1.90198721501554
"1934",6363,"dolia",2,"F",1.09010902610369
"1935",7087,"dolia",3,"F",0.890190804698829
"1936",7091,"dolia",3,"F",0.684405163091173
"1937",5160,"kan",3,"M",1.39286511950788
"1938",5100,"kan",2,"M",1.68078712343032
"1939",5125,"kan",3,"M",1.3091633155956
"1940",4978,"kan",2,"M",1.01231768702551
"1941",5104,"kan",2,"M",2.05339332306953
"1942",4913,"kan",2,"M",0.521879770412055
"1943",4976,"kan",2,"M",1.04975994625561
"1944",4918,"kan",2,"M",0.718352497274564
"1945",4785,"kan",2,"M",0.913092453192594
"1946",4783,"kan",2,"M",1.34039038162006
"1947",4923,"kan",2,"M",0.470596076828618
"1948",4964,"kan",2,"M",1.18783833378563
"1949",4970,"kan",2,"M",1.5561599399845
"1950",3640,"bekti",3,"F",1.58322351654271
"1951",3139,"bekti",3,"F",2.38313676957346
"1952",3474,"bekti",3,"F",2.03757934925781
"1953",2115,"bekti",2,"F",0.306413338934295
"1954",3476,"bekti",3,"F",1.5877874576489
"1955",5092,"indah",2,"F",1.71206304450633
"1956",5984,"indah",3,"F",1.29386451616047
"1957",5980,"indah",3,"F",1.20906408583608
"1958",5117,"indah",2,"F",0.949790353500634
"1959",5990,"indah",3,"F",1.23962105501083
"1960",5200,"indah",2,"F",1.40476882141465
"1961",5097,"indah",2,"F",2.37105144867194
"1962",5988,"indah",3,"F",1.08906665947348
"1963",5203,"indah",2,"F",1.89851244446421
"1964",5086,"indah",2,"F",1.77836729249744
"1965",5198,"indah",2,"F",1.86187750979327
"1966",5081,"indah",2,"F",1.41027825625493
"1967",5121,"indah",2,"F",0.856657484275667
"1968",5194,"indah",2,"F",1.58058315401134
"1969",5986,"indah",3,"F",1.15158493611108
"1970",4934,"neli",4,"F",0.946812183788749
"1971",4117,"wendell",7,"M",1.65839507617389
"1972",4122,"wendell",7,"M",1.15517718165297
"1973",7494,"hannah",3,"F",0.162609348967005
"1974",7492,"hannah",3,"F",0.693140787783499
"1975",7496,"hannah",3,"F",0.916456634168806
"1976",6032,"prabu",7,"M",1.22432174621915
"1977",6953,"prabu",7,"M",1.15478875487149
"1978",6026,"prabu",7,"M",0.889838257897103
"1979",6024,"prabu",7,"M",0.95194953959586
"1980",5052,"prabu",7,"M",0.884668994748028
"1981",5068,"prabu",7,"M",1.66981796258112
"1982",6444,"prabu",7,"M",1.19138272461169
"1983",5051,"prabu",7,"M",0.719159924572499
"1984",6931,"prabu",7,"M",1.37536797879008
"1985",4960,"prabu",7,"M",0.648979426612007
"1986",5067,"prabu",7,"M",1.27946637221319
"1987",6621,"prabu",7,"M",1.54602176948529
"1988",5060,"prabu",7,"M",0.89772448157587
"1989",6947,"prabu",7,"M",2.17410853207998
"1990",4926,"prabu",7,"M",0.842675432457263
"1991",4928,"prabu",7,"M",0.354235858358711
"1992",4929,"prabu",7,"M",0.58619642256471
"1993",4930,"prabu",7,"M",0.74687536089356
"1994",4961,"prabu",7,"M",0.545292027857693
"1995",4962,"prabu",7,"M",0.550344579433848
"1996",5038,"prabu",7,"M",0.594311908038759
"1997",5107,"prabu",7,"M",1.42866664983477
"1998",5208,"prabu",7,"M",1.19352489066688
"1999",6445,"prabu",7,"M",1.08079197847317
"2000",6622,"prabu",7,"M",0.733450002627443
"2001",6932,"prabu",7,"M",1.4508581561608
"2002",6933,"prabu",7,"M",0.505011394927429
"2003",6945,"prabu",7,"M",0.841531797405221
"2004",6949,"prabu",7,"M",1.00570900630439
"2005",8101,"prabu",7,"M",0.610553513398148
"2006",6494,"lupus",7,"M",1.09257607016332
"2007",6498,"lupus",7,"M",1.12808036466127
"2008",6547,"lupus",7,"M",1.65229365060424
"2009",6536,"lupus",7,"M",1.16251619665351
"2010",6486,"lupus",7,"M",0.846084003975943
"2011",6495,"lupus",7,"M",0.926405498243931
"2012",6513,"lupus",7,"M",2.03410160603633
"2013",6540,"lupus",7,"M",0.680589344646524
"2014",7008,"lupus",7,"M",1.59095501514766
"2015",6546,"lupus",7,"M",1.44752714427252
"2016",6492,"lupus",7,"M",0.77514027452537
"2017",7006,"lupus",7,"M",1.86671819785603
"2018",6485,"lupus",7,"M",1.51130830516137
"2019",6496,"lupus",7,"M",0.577552228089241
"2020",6515,"lupus",7,"M",0.660125048851256
"2021",6516,"lupus",7,"M",1.34561099842924
"2022",6520,"lupus",7,"M",0.788864500319624
"2023",6533,"lupus",7,"M",1.07765320772116
"2024",6535,"lupus",7,"M",1.48026048384709
"2025",6538,"lupus",7,"M",1.855688693519
"2026",6908,"lupus",7,"M",0.601923971732289
"2027",6909,"lupus",7,"M",1.62859833711888
"2028",6910,"lupus",7,"M",1.51786141417212
"2029",6967,"lupus",7,"M",1.77273090871478
"2030",1798,"zulia",4,"F",1.77426365199844
"2031",1603,"zulia",4,"F",1.35455629718171
"2032",1803,"zulia",4,"F",1.81113184743462
"2033",4974,"dagul",6,"F",1.30060960110151
"2034",4972,"dagul",6,"F",1.02711691033805
"2035",5040,"dagul",6,"F",1.1076130160978
"2036",5047,"dagul",6,"F",0.860224754648423
"2037",9161,"taki",2,"M",1.7275785903418
"2038",9157,"taki",2,"M",1.89910145047598
"2039",9167,"taki",2,"M",1.35288451794781
"2040",9535,"taki",2,"M",0.619494064475699
"2041",9537,"taki",2,"M",0.72337355852493
"2042",9539,"taki",2,"M",0.982248058523527
"2043",9541,"taki",2,"M",0.873603300175624
"2044",9543,"taki",2,"M",1.37677509915747
"2045",6020,"senja",7,"M",0.932425179894733
"2046",6023,"senja",7,"M",0.82284648027194
"2047",5071,"senja",7,"M",1.14748292374472
"2048",6021,"senja",7,"M",1.35195376047398
"2049",4616,"telur",2,"F",1.22657285562979
"2050",6664,"telur",5,"F",1.78549766856261
"2051",4652,"telur",2,"F",1.91518886371364
"2052",6667,"telur",5,"F",0.831142887355183
"2053",4602,"telur",2,"F",1.06085694715802
"2054",4612,"telur",2,"F",1.3353438743732
"2055",6663,"telur",5,"F",1.51069639952098
"2056",6669,"telur",5,"F",1.21944031922495
"2057",421,"beth",7,"F",2.09117545599995
"2058",415,"beth",7,"F",1.94870148399753
"2059",385,"beth",7,"F",1.63782765826566
"2060",419,"beth",7,"F",1.84870189578506
"2061",388,"beth",7,"F",0.801790186868207
"2062",384,"beth",7,"F",1.31040059878208
"2063",420,"beth",7,"F",2.23174867731076
"2064",428,"beth",7,"F",1.45688651270042
"2065",418,"beth",7,"F",1.29697900372716
"2066",398,"beth",7,"F",1.6948950976245
"2067",413,"beth",7,"F",1.44844473872689
"2068",426,"beth",7,"F",1.51391096409742
"2069",427,"beth",7,"F",1.09087455251656
"2070",395,"beth",7,"F",1.36544173352785
"2071",407,"beth",7,"F",0.969298903535278
"2072",386,"beth",7,"F",1.3893601891414
"2073",400,"beth",7,"F",0.915236606559238
"2074",404,"beth",7,"F",1.56402381543439
"2075",416,"beth",7,"F",1.50104511083975
"2076",417,"beth",7,"F",1.51520591506364
"2077",424,"beth",7,"F",1.40934650082473
"2078",429,"beth",7,"F",1.64104616029289
"2079",3644,"cili",5,"F",1.79464368039343
"2080",4758,"guntur",3,"M",1.46158395245297
"2081",4683,"guntur",3,"M",1.54276518640911
"2082",4707,"guntur",3,"M",1.36664115020904
"2083",4691,"guntur",3,"M",2.00035828884582
"2084",4693,"guntur",3,"M",0.852074130875539
"2085",4709,"guntur",3,"M",1.28662215875926
"2086",4756,"guntur",3,"M",0.62944726630753
"2087",4662,"guntur",3,"M",0.829989344363203
"2088",4664,"guntur",3,"M",1.76994181716396
"2089",4689,"guntur",3,"M",1.15340395542424
"2090",4695,"guntur",3,"M",0.172673388545772
"2091",9774,"riley",2,"F",1.66223542333407
"2092",9430,"riley",2,"F",1.72342881066189
"2093",9857,"riley",2,"F",1.47606844482204
"2094",8842,"riley",1,"F",0.514937061083827
"2095",8846,"riley",1,"F",0.415835647803504
"2096",8850,"riley",1,"F",0.376969885200518
"2097",8852,"riley",1,"F",0.489319154811381
"2098",8858,"riley",1,"F",0.703135771060126
"2099",8860,"riley",1,"F",0.902439570422292
"2100",8862,"riley",1,"F",0.409998968210843
"2101",8871,"riley",1,"F",0.813179355627419
"2102",8873,"riley",1,"F",0.971121120472555
"2103",8875,"riley",1,"F",0.696847985904698
"2104",8877,"riley",1,"F",0.725706389309081
"2105",8879,"riley",1,"F",0.643306732789903
"2106",8968,"riley",1,"F",0.621113650273035
"2107",8970,"riley",1,"F",0.537042810912426
"2108",9019,"riley",1,"F",0.678830582412816
"2109",9044,"riley",1,"F",1.72215794676866
"2110",9048,"riley",1,"F",0.983240111730462
"2111",9052,"riley",1,"F",0.843749349868421
"2112",9054,"riley",1,"F",0.874949542945329
"2113",9433,"riley",2,"F",1.3967812527355
"2114",9435,"riley",2,"F",1.20182138211545
"2115",9439,"riley",2,"F",0.560603372613432
"2116",9444,"riley",2,"F",1.12999675670625
"2117",9573,"riley",2,"F",1.64528625463289
"2118",9766,"riley",2,"F",1.2298247383391
"2119",9768,"riley",2,"F",1.56287729750404
"2120",9770,"riley",2,"F",0.622221266611407
"2121",9778,"riley",2,"F",0.274656982770628
"2122",9861,"riley",2,"F",1.50802764293396
"2123",10068,"riley",2,"F",1.73257839177478
"2124",10070,"riley",2,"F",1.25736042692043
"2125",10074,"riley",2,"F",1.50072955914951
"2126",1622,"bones",7,"M",2.5527060021611
"2127",1624,"bones",7,"M",1.42620127070474
"2128",6341,"wadi",7,"F",1.23377129422275
"2129",6343,"wadi",7,"F",0.648800203952254
"2130",6338,"wadi",7,"F",0.597400951380992
"2131",6339,"wadi",7,"F",0.149070169588634
"2132",10726,"fml27may23",7,"M",0.496812846851951
"2133",50,"sam",7,"M",1.78406869607287
"2134",52,"sam",7,"M",1.76038714124293
"2135",6480,"logan",7,"M",1.70992496076812
"2136",6898,"logan",7,"M",2.03212990066732
"2137",4811,"logan",7,"M",0.736115787675253
"2138",4814,"logan",7,"M",0.923374768742618
"2139",4815,"logan",7,"M",0.787043039507501
"2140",6900,"logan",7,"M",1.40697684882882
"2141",6902,"logan",7,"M",1.57792685390304
"2142",5346,"fery",2,"M",1.76610343710553
"2143",5308,"fery",2,"M",1.55918175179389
"2144",4953,"fery",2,"M",1.64962605091106
"2145",4719,"fery",2,"M",2.09503923821269
"2146",4723,"fery",2,"M",1.36589598685292
"2147",4905,"fery",2,"M",1.57056701700868
"2148",4907,"fery",2,"M",1.82174826956373
"2149",4948,"fery",2,"M",1.10655432511417
"2150",4950,"fery",2,"M",1.43570750958272
"2151",5312,"fery",2,"M",0.801434095061503
"2152",5341,"fery",2,"M",1.51422883200004
"2153",4804,"ijal",2,"M",2.06950236508027
"2154",4813,"ijal",2,"M",0.957610178701427
"2155",4798,"ijal",2,"M",1.1958181550141
"2156",4800,"ijal",2,"M",1.0429872427864
"2157",4807,"ijal",2,"M",0.807602516596662
"2158",4809,"ijal",2,"M",0.627061781624699
"2159",5221,"aminah",5,"F",1.91744844632092
"2160",4162,"jupiter",7,"M",1.49061532329507
"2161",576,"bujang ficus",7,"M",1.77451665762428
"2162",465,"bujang ficus",7,"M",1.19121209260327
"2163",573,"bujang ficus",7,"M",1.1679514290987
"2164",457,"bujang ficus",7,"M",0.812916380558445
"2165",524,"bujang ficus",7,"M",1.80840578365273
"2166",459,"bujang ficus",7,"M",1.45258319323804
"2167",461,"bujang ficus",7,"M",1.29138161781817
"2168",463,"bujang ficus",7,"M",1.17156866653978
"2169",469,"bujang ficus",7,"M",0.898517863696257
"2170",471,"bujang ficus",7,"M",0.746053030222217
"2171",522,"bujang ficus",7,"M",1.38303757134292
"2172",369,"frank",7,"M",1.04602315122553
"2173",493,"frank",7,"M",1.76047156154866
"2174",489,"frank",7,"M",0.786437025783722
"2175",327,"frank",7,"M",0.315670782078729
"2176",333,"frank",7,"M",0.708846730850004
"2177",364,"frank",7,"M",1.09606702393758
"2178",365,"frank",7,"M",1.73764095497298
"2179",368,"frank",7,"M",0.931784217462852
"2180",371,"frank",7,"M",0.96585947063598
"2181",372,"frank",7,"M",1.11325370439573
"2182",373,"frank",7,"M",1.25500560995238
"2183",492,"frank",7,"M",1.65587506770464
"2184",6038,"anik",3,"F",1.23298670015966
"2185",7385,"ronnie",3,"F",1.26283165538201
"2186",7722,"ronnie",3,"F",1.22882804405792
"2187",7257,"ronnie",3,"F",1.35170323616882
"2188",7255,"ronnie",3,"F",1.38140713931305
"2189",7272,"ronnie",3,"F",0.684970017998171
"2190",7719,"ronnie",3,"F",0.343439531093597
"2191",9607,"fml11may22",7,"M",0.852443287877412
"2192",9604,"fml11may22",7,"M",0.618608887736359
"2193",9605,"fml11may22",7,"M",0.630567799901522
"2194",9606,"fml11may22",7,"M",0.710250567099907
"2195",3531,"farag",2,"?",0.960621612417851
"2196",289,"female 10",7,"F",2.40397392015045
"2197",1862,"arnold",4,"M",0.53754441247354
"2198",1873,"arnold",4,"M",0.436958794446328
"2199",2674,"fl14may99",3,"F",1.04574294755252
"2200",3550,"nunu",3,"F",1.61323762638599
"2201",3647,"cabe",1,"?",0.36555436708173
"2202",4378,"keiko",1,"F",0.206922778921675
"2203",4381,"keiko",1,"F",0.491796856741418
"2204",4386,"keiko",1,"F",0.139599648609418
"2205",4388,"keiko",1,"F",0.206174210651895
"2206",4390,"keiko",1,"F",0.633659240314219
"2207",4455,"keiko",1,"F",0.270179521338842
"2208",4481,"keiko",1,"F",0.407926349223399
"2209",4486,"keiko",1,"F",0.17512178597382
"2210",4490,"keiko",1,"F",0.692012964831874
"2211",4408,"kendra",1,"F",0.500402423538188
"2212",4416,"kendra",1,"F",0.296555080549429
"2213",4419,"kendra",1,"F",0.358511451625456
"2214",4422,"kendra",1,"F",0.0170029926414084
"2215",4543,"kendra",1,"F",0.290202028927062
"2216",4608,"if26nov08",1,"?",0.656945599338783
"2217",6399,"kamil",1,"F",0.573595231319353
"2218",6403,"kamil",1,"F",0.325082973391448
"2219",6868,"fl9oct15",7,"F",0.998122794360141
"2220",7181,"juv27oct16",5,"Q",0.946154674153804
"2221",7209,"gaya",7,"F",1.3723455869556
"2222",7211,"gaya",7,"F",1.06527041849755
"2223",7769,"fml2aug2018",7,"M",0.841731861742332
"2224",8352,"winnie",1,"F",0.946979974928352
"2225",8356,"winnie",1,"F",0.130979321749101
"2226",8596,"winnie",1,"F",1.39403476732245
"2227",9994,"tara",1,"M",0.483172108549876
"2228",9998,"tara",1,"M",0.419479104179318
"2229",10094,"tara",1,"M",0.543352182052062
"2230",10096,"tara",1,"M",0.43133811539365
"2231",10098,"tara",1,"M",1.22899147387688
"2232",10100,"tara",1,"M",0.489865109139137
"2233",10115,"tara",1,"M",0.648761916188986
"2234",10117,"tara",1,"M",0.382475549958408
"2235",10146,"tara",1,"M",0.488519523309143
"2236",10159,"tara",1,"M",0.629374819905877
"2237",10163,"tara",1,"M",0.570135194321587
"2238",10165,"tara",1,"M",0.678938670961434
"2239",10167,"tara",1,"M",1.22304260605645
"2240",10170,"tara",1,"M",0.605450243181978
"2241",10230,"tara",1,"M",1.42319211055098
"2242",10235,"tara",1,"M",0.729043921452029
"2243",10239,"tara",1,"M",1.10882886453803
"2244",10250,"tara",1,"M",0.982376733567272
"2245",10533,"tara",1,"M",0.942944401608501
"2246",10535,"tara",1,"M",1.3924787701304
"2247",10538,"tara",1,"M",1.61773420567409
"2248",10540,"tara",1,"M",1.5399107741016
"2249",10544,"tara",1,"M",1.01735862859921
"2250",10690,"tara",1,"M",0.871860181157609
"2251",100259,"fml07okt23_rk",7,"M",1.73777019644661
